file,class,method,variable,usage
/src/02-questions/src/java/br/ufmg/engsoft/reprova/model/CoarseGrainedCourse.java,br.ufmg.engsoft.reprova.model.CoarseGrainedCourse,"CoarseGrainedCourse/4[int,br.ufmg.engsoft.reprova.model.Course.Reference,java.lang.String,float]",score,2
/src/02-questions/src/java/br/ufmg/engsoft/reprova/model/CoarseGrainedCourse.java,br.ufmg.engsoft.reprova.model.CoarseGrainedCourse,"CoarseGrainedCourse/4[int,br.ufmg.engsoft.reprova.model.Course.Reference,java.lang.String,float]",ref,1
/src/02-questions/src/java/br/ufmg/engsoft/reprova/model/CoarseGrainedCourse.java,br.ufmg.engsoft.reprova.model.CoarseGrainedCourse,"CoarseGrainedCourse/4[int,br.ufmg.engsoft.reprova.model.Course.Reference,java.lang.String,float]",courseName,1
/src/02-questions/src/java/br/ufmg/engsoft/reprova/model/CoarseGrainedCourse.java,br.ufmg.engsoft.reprova.model.CoarseGrainedCourse,"CoarseGrainedCourse/4[int,br.ufmg.engsoft.reprova.model.Course.Reference,java.lang.String,float]",year,1
/src/02-questions/auth-microservice/src/main/java/br/ufmg/engsoft/SecurityConfig.java,br.ufmg.engsoft.SecurityConfig,configure/1[br.ufmg.engsoft.HttpSecurity],httpSecurity,3
/src/02-questions/src/java/br/ufmg/engsoft/reprova/database/Mongo.java,br.ufmg.engsoft.reprova.database.Mongo,Mongo/1[java.lang.String],db,3
/src/02-questions/src/java/br/ufmg/engsoft/reprova/database/Mongo.java,br.ufmg.engsoft.reprova.database.Mongo,getCollection/1[java.lang.String],name,1
/src/02-questions/auth-microservice/src/main/java/br/ufmg/engsoft/controllers/AuthenticationController.java,br.ufmg.engsoft.controllers.AuthenticationController,"isTeacher/1[java.util.Map<java.lang.String,java.lang.String>]",input,1
/src/02-questions/auth-microservice/src/main/java/br/ufmg/engsoft/controllers/AuthenticationController.java,br.ufmg.engsoft.controllers.AuthenticationController,"login/1[java.util.Map<java.lang.String,java.lang.String>]",input,2
/src/02-questions/src/java/br/ufmg/engsoft/reprova/model/Course.java,br.ufmg.engsoft.reprova.model.Course$Reference,Reference/1[int],i,1
/src/02-questions/src/java/br/ufmg/engsoft/reprova/model/Course.java,br.ufmg.engsoft.reprova.model.Course$Reference,(initializer 1),ref,2
/src/02-questions/src/java/br/ufmg/engsoft/reprova/model/Course.java,br.ufmg.engsoft.reprova.model.Course$Reference,fromInt/1[int],ref,2
/src/02-questions/src/java/br/ufmg/engsoft/reprova/model/Course.java,br.ufmg.engsoft.reprova.model.Course$Reference,fromInt/1[int],i,1
/src/02-questions/src/java/br/ufmg/engsoft/reprova/routes/command/CreateOrUpdateQuestionCommand.java,br.ufmg.engsoft.reprova.routes.command.CreateOrUpdateQuestionCommand,authorised/1[java.lang.String],token,2
/src/02-questions/src/java/br/ufmg/engsoft/reprova/routes/command/CreateOrUpdateQuestionCommand.java,br.ufmg.engsoft.reprova.routes.command.CreateOrUpdateQuestionCommand,"execute/2[br.ufmg.engsoft.reprova.routes.command.Request,br.ufmg.engsoft.reprova.routes.command.Response]",request,2
/src/02-questions/src/java/br/ufmg/engsoft/reprova/routes/command/CreateOrUpdateQuestionCommand.java,br.ufmg.engsoft.reprova.routes.command.CreateOrUpdateQuestionCommand,"execute/2[br.ufmg.engsoft.reprova.routes.command.Request,br.ufmg.engsoft.reprova.routes.command.Response]",question,3
/src/02-questions/src/java/br/ufmg/engsoft/reprova/routes/command/CreateOrUpdateQuestionCommand.java,br.ufmg.engsoft.reprova.routes.command.CreateOrUpdateQuestionCommand,"execute/2[br.ufmg.engsoft.reprova.routes.command.Request,br.ufmg.engsoft.reprova.routes.command.Response]",e,1
/src/02-questions/src/java/br/ufmg/engsoft/reprova/routes/command/CreateOrUpdateQuestionCommand.java,br.ufmg.engsoft.reprova.routes.command.CreateOrUpdateQuestionCommand,"execute/2[br.ufmg.engsoft.reprova.routes.command.Request,br.ufmg.engsoft.reprova.routes.command.Response]",response,4
/src/02-questions/src/java/br/ufmg/engsoft/reprova/routes/command/CreateOrUpdateQuestionCommand.java,br.ufmg.engsoft.reprova.routes.command.CreateOrUpdateQuestionCommand,"execute/2[br.ufmg.engsoft.reprova.routes.command.Request,br.ufmg.engsoft.reprova.routes.command.Response]",success,1
/src/02-questions/src/java/br/ufmg/engsoft/reprova/routes/command/CreateOrUpdateQuestionCommand.java,br.ufmg.engsoft.reprova.routes.command.CreateOrUpdateQuestionCommand,"execute/2[br.ufmg.engsoft.reprova.routes.command.Request,br.ufmg.engsoft.reprova.routes.command.Response]",body,3
/src/02-questions/src/java/br/ufmg/engsoft/reprova/routes/command/CreateOrUpdateQuestionCommand.java,br.ufmg.engsoft.reprova.routes.command.CreateOrUpdateQuestionCommand,"execute/2[br.ufmg.engsoft.reprova.routes.command.Request,br.ufmg.engsoft.reprova.routes.command.Response]",token,2
/src/02-questions/src/java/br/ufmg/engsoft/reprova/routes/command/CreateOrUpdateQuestionCommand.java,br.ufmg.engsoft.reprova.routes.command.CreateOrUpdateQuestionCommand,"CreateOrUpdateQuestionCommand/2[br.ufmg.engsoft.reprova.database.QuestionsDAO,br.ufmg.engsoft.reprova.mime.json.Json]",json,2
/src/02-questions/src/java/br/ufmg/engsoft/reprova/routes/command/CreateOrUpdateQuestionCommand.java,br.ufmg.engsoft.reprova.routes.command.CreateOrUpdateQuestionCommand,"CreateOrUpdateQuestionCommand/2[br.ufmg.engsoft.reprova.database.QuestionsDAO,br.ufmg.engsoft.reprova.mime.json.Json]",questionsDAO,2
/src/02-questions/auth-microservice/src/main/java/br/ufmg/engsoft/services/AuthService.java,br.ufmg.engsoft.services.AuthService,isTeacher/1[java.lang.String],response,2
/src/02-questions/auth-microservice/src/main/java/br/ufmg/engsoft/services/AuthService.java,br.ufmg.engsoft.services.AuthService,isTeacher/1[java.lang.String],userId,1
/src/02-questions/auth-microservice/src/main/java/br/ufmg/engsoft/services/AuthService.java,br.ufmg.engsoft.services.AuthService,"authenticate/2[java.lang.String,java.lang.String]",password,1
/src/02-questions/auth-microservice/src/main/java/br/ufmg/engsoft/services/AuthService.java,br.ufmg.engsoft.services.AuthService,"authenticate/2[java.lang.String,java.lang.String]",response,2
/src/02-questions/auth-microservice/src/main/java/br/ufmg/engsoft/services/AuthService.java,br.ufmg.engsoft.services.AuthService,"authenticate/2[java.lang.String,java.lang.String]",users,2
/src/02-questions/auth-microservice/src/main/java/br/ufmg/engsoft/services/AuthService.java,br.ufmg.engsoft.services.AuthService,"authenticate/2[java.lang.String,java.lang.String]",username,1
/src/02-questions/src/java/br/ufmg/engsoft/reprova/mime/json/Json.java,br.ufmg.engsoft.reprova.mime.json.Json,"parse/2[java.lang.String,java.lang.Class<T>]",json,1
/src/02-questions/src/java/br/ufmg/engsoft/reprova/mime/json/Json.java,br.ufmg.engsoft.reprova.mime.json.Json,"parse/2[java.lang.String,java.lang.Class<T>]",cls,1
/src/02-questions/src/java/br/ufmg/engsoft/reprova/mime/json/Json.java,br.ufmg.engsoft.reprova.mime.json.Json,render/1[T],obj,1
/src/02-questions/src/java/br/ufmg/engsoft/reprova/mime/json/Json.java,br.ufmg.engsoft.reprova.mime.json.Json,Json/0,parserBuilder,2
/src/02-questions/src/java/br/ufmg/engsoft/reprova/mime/json/Json.java,br.ufmg.engsoft.reprova.mime.json.Json$QuestionBuilderDeserializer,"deserialize/3[br.ufmg.engsoft.reprova.model.JsonElement,java.lang.reflect.Type,br.ufmg.engsoft.reprova.mime.json.JsonDeserializationContext]",typeOfT,0
/src/02-questions/src/java/br/ufmg/engsoft/reprova/mime/json/Json.java,br.ufmg.engsoft.reprova.mime.json.Json$QuestionBuilderDeserializer,"deserialize/3[br.ufmg.engsoft.reprova.model.JsonElement,java.lang.reflect.Type,br.ufmg.engsoft.reprova.mime.json.JsonDeserializationContext]",questionBuilder,2
/src/02-questions/src/java/br/ufmg/engsoft/reprova/mime/json/Json.java,br.ufmg.engsoft.reprova.mime.json.Json$QuestionBuilderDeserializer,"deserialize/3[br.ufmg.engsoft.reprova.model.JsonElement,java.lang.reflect.Type,br.ufmg.engsoft.reprova.mime.json.JsonDeserializationContext]",parserBuilder,2
/src/02-questions/src/java/br/ufmg/engsoft/reprova/mime/json/Json.java,br.ufmg.engsoft.reprova.mime.json.Json$QuestionBuilderDeserializer,"deserialize/3[br.ufmg.engsoft.reprova.model.JsonElement,java.lang.reflect.Type,br.ufmg.engsoft.reprova.mime.json.JsonDeserializationContext]",context,0
/src/02-questions/src/java/br/ufmg/engsoft/reprova/mime/json/Json.java,br.ufmg.engsoft.reprova.mime.json.Json$QuestionBuilderDeserializer,"deserialize/3[br.ufmg.engsoft.reprova.model.JsonElement,java.lang.reflect.Type,br.ufmg.engsoft.reprova.mime.json.JsonDeserializationContext]",json,2
/src/02-questions/src/java/br/ufmg/engsoft/reprova/mime/json/Json.java,br.ufmg.engsoft.reprova.mime.json.Json$QuestionBuilderDeserializer,"deserialize/3[br.ufmg.engsoft.reprova.model.JsonElement,java.lang.reflect.Type,br.ufmg.engsoft.reprova.mime.json.JsonDeserializationContext]",_id,2
/src/02-questions/src/java/br/ufmg/engsoft/reprova/model/Student.java,br.ufmg.engsoft.reprova.model.Student,"Student/2[java.lang.String,float]",score,2
/src/02-questions/src/java/br/ufmg/engsoft/reprova/model/Student.java,br.ufmg.engsoft.reprova.model.Student,"Student/2[java.lang.String,float]",id,2
/src/02-questions/src/java/br/ufmg/engsoft/reprova/model/Student.java,br.ufmg.engsoft.reprova.model.Student,equals/1[java.lang.Object],student,2
/src/02-questions/src/java/br/ufmg/engsoft/reprova/model/Student.java,br.ufmg.engsoft.reprova.model.Student,equals/1[java.lang.Object],o,4
/src/02-questions/src/java/br/ufmg/engsoft/reprova/model/ScoreFileFactory.java,br.ufmg.engsoft.reprova.model.ScoreFileFactory,createScoreFile/1[java.lang.String],submittedFileName,0
/src/02-questions/auth-microservice/src/main/java/br/ufmg/engsoft/repository/AppTest.java,br.ufmg.engsoft.repository.AppTest,main/1[java.lang.String[]],args,0
/src/02-questions/auth-microservice/src/main/java/br/ufmg/engsoft/repository/AppTest.java,br.ufmg.engsoft.repository.AppTest,main/1[java.lang.String[]],e,1
/src/02-questions/auth-microservice/src/main/java/br/ufmg/engsoft/repository/AppTest.java,br.ufmg.engsoft.repository.AppTest,main/1[java.lang.String[]],userRepository,2
/src/02-questions/auth-microservice/src/main/java/br/ufmg/engsoft/repository/AppTest.java,br.ufmg.engsoft.repository.AppTest,main/1[java.lang.String[]],haveFound,1
/src/02-questions/auth-microservice/src/main/java/br/ufmg/engsoft/repository/AppTest.java,br.ufmg.engsoft.repository.AppTest,main/1[java.lang.String[]],user,3
/src/02-questions/auth-microservice/src/main/java/br/ufmg/engsoft/models/User.java,br.ufmg.engsoft.models.User,setType/1[java.lang.String],type,2
/src/02-questions/auth-microservice/src/main/java/br/ufmg/engsoft/models/User.java,br.ufmg.engsoft.models.User,setId/1[java.lang.Long],id,2
/src/02-questions/auth-microservice/src/main/java/br/ufmg/engsoft/models/User.java,br.ufmg.engsoft.models.User,setPassword/1[java.lang.String],password,2
/src/02-questions/auth-microservice/src/main/java/br/ufmg/engsoft/models/User.java,br.ufmg.engsoft.models.User,setUsername/1[java.lang.String],username,2
/src/02-questions/auth-microservice/src/main/java/br/ufmg/engsoft/models/User.java,br.ufmg.engsoft.models.User,equals/1[java.lang.Object],user,2
/src/02-questions/auth-microservice/src/main/java/br/ufmg/engsoft/models/User.java,br.ufmg.engsoft.models.User,equals/1[java.lang.Object],o,4
/src/02-questions/src/java/br/ufmg/engsoft/reprova/database/QuestionsDAO.java,br.ufmg.engsoft.reprova.database.QuestionsDAO,parseDoc/1[br.ufmg.engsoft.reprova.database.Document],question,2
/src/02-questions/src/java/br/ufmg/engsoft/reprova/database/QuestionsDAO.java,br.ufmg.engsoft.reprova.database.QuestionsDAO,parseDoc/1[br.ufmg.engsoft.reprova.database.Document],e,2
/src/02-questions/src/java/br/ufmg/engsoft/reprova/database/QuestionsDAO.java,br.ufmg.engsoft.reprova.database.QuestionsDAO,parseDoc/1[br.ufmg.engsoft.reprova.database.Document],document,2
/src/02-questions/src/java/br/ufmg/engsoft/reprova/database/QuestionsDAO.java,br.ufmg.engsoft.reprova.database.QuestionsDAO,parseDoc/1[br.ufmg.engsoft.reprova.database.Document],doc,2
/src/02-questions/src/java/br/ufmg/engsoft/reprova/database/QuestionsDAO.java,br.ufmg.engsoft.reprova.database.QuestionsDAO,get/1[java.lang.String],question,2
/src/02-questions/src/java/br/ufmg/engsoft/reprova/database/QuestionsDAO.java,br.ufmg.engsoft.reprova.database.QuestionsDAO,get/1[java.lang.String],id,3
/src/02-questions/src/java/br/ufmg/engsoft/reprova/database/QuestionsDAO.java,br.ufmg.engsoft.reprova.database.QuestionsDAO,"list/2[java.lang.String,java.lang.Boolean]",result,2
/src/02-questions/src/java/br/ufmg/engsoft/reprova/database/QuestionsDAO.java,br.ufmg.engsoft.reprova.database.QuestionsDAO,"list/2[java.lang.String,java.lang.Boolean]",doc,1
/src/02-questions/src/java/br/ufmg/engsoft/reprova/database/QuestionsDAO.java,br.ufmg.engsoft.reprova.database.QuestionsDAO,"list/2[java.lang.String,java.lang.Boolean]",theme,2
/src/02-questions/src/java/br/ufmg/engsoft/reprova/database/QuestionsDAO.java,br.ufmg.engsoft.reprova.database.QuestionsDAO,"list/2[java.lang.String,java.lang.Boolean]",filters,2
/src/02-questions/src/java/br/ufmg/engsoft/reprova/database/QuestionsDAO.java,br.ufmg.engsoft.reprova.database.QuestionsDAO,"list/2[java.lang.String,java.lang.Boolean]",pvt,2
/src/02-questions/src/java/br/ufmg/engsoft/reprova/database/QuestionsDAO.java,br.ufmg.engsoft.reprova.database.QuestionsDAO,add/1[br.ufmg.engsoft.reprova.model.Question],result,1
/src/02-questions/src/java/br/ufmg/engsoft/reprova/database/QuestionsDAO.java,br.ufmg.engsoft.reprova.database.QuestionsDAO,add/1[br.ufmg.engsoft.reprova.model.Question],courses,2
/src/02-questions/src/java/br/ufmg/engsoft/reprova/database/QuestionsDAO.java,br.ufmg.engsoft.reprova.database.QuestionsDAO,add/1[br.ufmg.engsoft.reprova.model.Question],question,7
/src/02-questions/src/java/br/ufmg/engsoft/reprova/database/QuestionsDAO.java,br.ufmg.engsoft.reprova.database.QuestionsDAO,add/1[br.ufmg.engsoft.reprova.model.Question],doc,3
/src/02-questions/src/java/br/ufmg/engsoft/reprova/database/QuestionsDAO.java,br.ufmg.engsoft.reprova.database.QuestionsDAO,add/1[br.ufmg.engsoft.reprova.model.Question],id,4
/src/02-questions/src/java/br/ufmg/engsoft/reprova/database/QuestionsDAO.java,br.ufmg.engsoft.reprova.database.QuestionsDAO,remove/1[java.lang.String],result,2
/src/02-questions/src/java/br/ufmg/engsoft/reprova/database/QuestionsDAO.java,br.ufmg.engsoft.reprova.database.QuestionsDAO,remove/1[java.lang.String],id,4
/src/02-questions/src/java/br/ufmg/engsoft/reprova/database/QuestionsDAO.java,br.ufmg.engsoft.reprova.database.QuestionsDAO,"QuestionsDAO/2[br.ufmg.engsoft.reprova.database.Mongo,br.ufmg.engsoft.reprova.mime.json.Json]",json,3
/src/02-questions/src/java/br/ufmg/engsoft/reprova/database/QuestionsDAO.java,br.ufmg.engsoft.reprova.database.QuestionsDAO,"QuestionsDAO/2[br.ufmg.engsoft.reprova.database.Mongo,br.ufmg.engsoft.reprova.mime.json.Json]",db,2
/src/02-questions/src/java/br/ufmg/engsoft/reprova/model/Question.java,br.ufmg.engsoft.reprova.model.Question$Builder,statement/1[java.lang.String],statement,2
/src/02-questions/src/java/br/ufmg/engsoft/reprova/model/Question.java,br.ufmg.engsoft.reprova.model.Question$Builder,courses/1[java.util.List<br.ufmg.engsoft.reprova.model.Course>],courses,2
/src/02-questions/src/java/br/ufmg/engsoft/reprova/model/Question.java,br.ufmg.engsoft.reprova.model.Question$Builder,id/1[java.lang.String],id,2
/src/02-questions/src/java/br/ufmg/engsoft/reprova/model/Question.java,br.ufmg.engsoft.reprova.model.Question$Builder,isPrivate/1[boolean],isPrivate,2
/src/02-questions/src/java/br/ufmg/engsoft/reprova/model/Question.java,br.ufmg.engsoft.reprova.model.Question$Builder,description/1[java.lang.String],description,2
/src/02-questions/src/java/br/ufmg/engsoft/reprova/model/Question.java,br.ufmg.engsoft.reprova.model.Question$Builder,theme/1[java.lang.String],theme,2
/src/02-questions/src/java/br/ufmg/engsoft/reprova/model/Question.java,br.ufmg.engsoft.reprova.model.Question$Builder,build/0,course,1
/src/02-questions/src/java/br/ufmg/engsoft/reprova/model/variability/CsvScoreFactory.java,br.ufmg.engsoft.reprova.model.variability.CsvScoreFactory,createScoreFile/1[java.lang.String],scoreFile,2
/src/02-questions/src/java/br/ufmg/engsoft/reprova/model/variability/CsvScoreFactory.java,br.ufmg.engsoft.reprova.model.variability.CsvScoreFactory,createScoreFile/1[java.lang.String],submittedFileName,1
/src/02-questions/src/java/br/ufmg/engsoft/reprova/Reprova.java,br.ufmg.engsoft.reprova.Reprova,main/1[java.lang.String[]],args,0
/src/02-questions/src/java/br/ufmg/engsoft/reprova/Reprova.java,br.ufmg.engsoft.reprova.Reprova,main/1[java.lang.String[]],json,3
/src/02-questions/src/java/br/ufmg/engsoft/reprova/Reprova.java,br.ufmg.engsoft.reprova.Reprova,main/1[java.lang.String[]],courseDAO,1
/src/02-questions/src/java/br/ufmg/engsoft/reprova/Reprova.java,br.ufmg.engsoft.reprova.Reprova,main/1[java.lang.String[]],db,2
/src/02-questions/src/java/br/ufmg/engsoft/reprova/Reprova.java,br.ufmg.engsoft.reprova.Reprova,main/1[java.lang.String[]],questionsDAO,1
/src/02-questions/auth-microservice/src/main/java/br/ufmg/engsoft/repository/UserRepository.java,br.ufmg.engsoft.repository.UserRepository,"findByUsernameAndPassword/2[java.lang.String,java.lang.String]",password,1
/src/02-questions/auth-microservice/src/main/java/br/ufmg/engsoft/repository/UserRepository.java,br.ufmg.engsoft.repository.UserRepository,"findByUsernameAndPassword/2[java.lang.String,java.lang.String]",query,3
/src/02-questions/auth-microservice/src/main/java/br/ufmg/engsoft/repository/UserRepository.java,br.ufmg.engsoft.repository.UserRepository,"findByUsernameAndPassword/2[java.lang.String,java.lang.String]",username,1
/src/02-questions/auth-microservice/src/main/java/br/ufmg/engsoft/repository/UserRepository.java,br.ufmg.engsoft.repository.UserRepository,"isUserFromType/2[java.lang.String,java.lang.String]",query,3
/src/02-questions/auth-microservice/src/main/java/br/ufmg/engsoft/repository/UserRepository.java,br.ufmg.engsoft.repository.UserRepository,"isUserFromType/2[java.lang.String,java.lang.String]",type,1
/src/02-questions/auth-microservice/src/main/java/br/ufmg/engsoft/repository/UserRepository.java,br.ufmg.engsoft.repository.UserRepository,"isUserFromType/2[java.lang.String,java.lang.String]",userId,1
/src/02-questions/auth-microservice/src/main/java/br/ufmg/engsoft/repository/UserRepository.java,br.ufmg.engsoft.repository.UserRepository,add/1[br.ufmg.engsoft.models.User],existingUserWithSameProperties,1
/src/02-questions/auth-microservice/src/main/java/br/ufmg/engsoft/repository/UserRepository.java,br.ufmg.engsoft.repository.UserRepository,add/1[br.ufmg.engsoft.models.User],user,4
/src/02-questions/src/java/br/ufmg/engsoft/reprova/model/variability/CoarseGrainedCourseFactory.java,br.ufmg.engsoft.reprova.model.variability.CoarseGrainedCourseFactory,"createCourse/4[int,br.ufmg.engsoft.reprova.model.Course.Reference,java.lang.String,float]",score,1
/src/02-questions/src/java/br/ufmg/engsoft/reprova/model/variability/CoarseGrainedCourseFactory.java,br.ufmg.engsoft.reprova.model.variability.CoarseGrainedCourseFactory,"createCourse/4[int,br.ufmg.engsoft.reprova.model.Course.Reference,java.lang.String,float]",ref,1
/src/02-questions/src/java/br/ufmg/engsoft/reprova/model/variability/CoarseGrainedCourseFactory.java,br.ufmg.engsoft.reprova.model.variability.CoarseGrainedCourseFactory,"createCourse/4[int,br.ufmg.engsoft.reprova.model.Course.Reference,java.lang.String,float]",courseName,1
/src/02-questions/src/java/br/ufmg/engsoft/reprova/model/variability/CoarseGrainedCourseFactory.java,br.ufmg.engsoft.reprova.model.variability.CoarseGrainedCourseFactory,"createCourse/4[int,br.ufmg.engsoft.reprova.model.Course.Reference,java.lang.String,float]",year,1
/src/02-questions/src/java/br/ufmg/engsoft/reprova/model/variability/CoarseGrainedCourseFactory.java,br.ufmg.engsoft.reprova.model.variability.CoarseGrainedCourseFactory,"createCourse/3[int,br.ufmg.engsoft.reprova.model.Course.Reference,java.lang.String]",ref,1
/src/02-questions/src/java/br/ufmg/engsoft/reprova/model/variability/CoarseGrainedCourseFactory.java,br.ufmg.engsoft.reprova.model.variability.CoarseGrainedCourseFactory,"createCourse/3[int,br.ufmg.engsoft.reprova.model.Course.Reference,java.lang.String]",courseName,1
/src/02-questions/src/java/br/ufmg/engsoft/reprova/model/variability/CoarseGrainedCourseFactory.java,br.ufmg.engsoft.reprova.model.variability.CoarseGrainedCourseFactory,"createCourse/3[int,br.ufmg.engsoft.reprova.model.Course.Reference,java.lang.String]",year,1
/src/02-questions/src/java/br/ufmg/engsoft/reprova/model/variability/CoarseGrainedCourseFactory.java,br.ufmg.engsoft.reprova.model.variability.CoarseGrainedCourseFactory,"createCourse/4[int,br.ufmg.engsoft.reprova.model.Course.Reference,java.lang.String,java.util.List<br.ufmg.engsoft.reprova.model.Student>]",ref,1
/src/02-questions/src/java/br/ufmg/engsoft/reprova/model/variability/CoarseGrainedCourseFactory.java,br.ufmg.engsoft.reprova.model.variability.CoarseGrainedCourseFactory,"createCourse/4[int,br.ufmg.engsoft.reprova.model.Course.Reference,java.lang.String,java.util.List<br.ufmg.engsoft.reprova.model.Student>]",courseName,1
/src/02-questions/src/java/br/ufmg/engsoft/reprova/model/variability/CoarseGrainedCourseFactory.java,br.ufmg.engsoft.reprova.model.variability.CoarseGrainedCourseFactory,"createCourse/4[int,br.ufmg.engsoft.reprova.model.Course.Reference,java.lang.String,java.util.List<br.ufmg.engsoft.reprova.model.Student>]",year,1
/src/02-questions/src/java/br/ufmg/engsoft/reprova/model/variability/CoarseGrainedCourseFactory.java,br.ufmg.engsoft.reprova.model.variability.CoarseGrainedCourseFactory,"createCourse/4[int,br.ufmg.engsoft.reprova.model.Course.Reference,java.lang.String,java.util.List<br.ufmg.engsoft.reprova.model.Student>]",student,1
/src/02-questions/src/java/br/ufmg/engsoft/reprova/model/variability/CoarseGrainedCourseFactory.java,br.ufmg.engsoft.reprova.model.variability.CoarseGrainedCourseFactory,"createCourse/4[int,br.ufmg.engsoft.reprova.model.Course.Reference,java.lang.String,java.util.List<br.ufmg.engsoft.reprova.model.Student>]",scoreSum,2
/src/02-questions/src/java/br/ufmg/engsoft/reprova/model/variability/CoarseGrainedCourseFactory.java,br.ufmg.engsoft.reprova.model.variability.CoarseGrainedCourseFactory,"createCourse/4[int,br.ufmg.engsoft.reprova.model.Course.Reference,java.lang.String,java.util.List<br.ufmg.engsoft.reprova.model.Student>]",students,2
/src/02-questions/src/java/br/ufmg/engsoft/reprova/model/variability/CoarseGrainedCourseFactory.java,br.ufmg.engsoft.reprova.model.variability.CoarseGrainedCourseFactory,"createCourse/4[int,br.ufmg.engsoft.reprova.model.Course.Reference,java.lang.String,java.util.List<br.ufmg.engsoft.reprova.model.Student>]",averageScore,1
/src/02-questions/src/tests/br/ufmg/engsoft/reprova/tests/model/CourseTest.java,br.ufmg.engsoft.reprova.tests.model.CourseTest,testCreateWithStudents_CoarseGrained/0,factory,1
/src/02-questions/src/tests/br/ufmg/engsoft/reprova/tests/model/CourseTest.java,br.ufmg.engsoft.reprova.tests.model.CourseTest,testCreateWithStudents_CoarseGrained/0,score2,1
/src/02-questions/src/tests/br/ufmg/engsoft/reprova/tests/model/CourseTest.java,br.ufmg.engsoft.reprova.tests.model.CourseTest,testCreateWithStudents_CoarseGrained/0,student2,1
/src/02-questions/src/tests/br/ufmg/engsoft/reprova/tests/model/CourseTest.java,br.ufmg.engsoft.reprova.tests.model.CourseTest,testCreateWithStudents_CoarseGrained/0,student1,1
/src/02-questions/src/tests/br/ufmg/engsoft/reprova/tests/model/CourseTest.java,br.ufmg.engsoft.reprova.tests.model.CourseTest,testCreateWithStudents_CoarseGrained/0,score1,1
/src/02-questions/src/tests/br/ufmg/engsoft/reprova/tests/model/CourseTest.java,br.ufmg.engsoft.reprova.tests.model.CourseTest,testCreateWithoutStudentsFromBufferedReader/0,reference,1
/src/02-questions/src/tests/br/ufmg/engsoft/reprova/tests/model/CourseTest.java,br.ufmg.engsoft.reprova.tests.model.CourseTest,testCreateWithoutStudentsFromBufferedReader/0,courseName,1
/src/02-questions/src/tests/br/ufmg/engsoft/reprova/tests/model/CourseTest.java,br.ufmg.engsoft.reprova.tests.model.CourseTest,testCreateWithoutStudentsFromBufferedReader/0,year,1
/src/02-questions/src/tests/br/ufmg/engsoft/reprova/tests/model/CourseTest.java,br.ufmg.engsoft.reprova.tests.model.CourseTest,testCreateWithoutStudentsFromBufferedReader/0,xml,1
/src/02-questions/src/tests/br/ufmg/engsoft/reprova/tests/model/CourseTest.java,br.ufmg.engsoft.reprova.tests.model.CourseTest,testCreateWithoutStudentsFromBufferedReader/0,expected,1
/src/02-questions/src/tests/br/ufmg/engsoft/reprova/tests/model/CourseTest.java,br.ufmg.engsoft.reprova.tests.model.CourseTest,testCreateWithoutStudentsFromBufferedReader/0,xstream,5
/src/02-questions/src/tests/br/ufmg/engsoft/reprova/tests/model/CourseTest.java,br.ufmg.engsoft.reprova.tests.model.CourseTest,testCreateWithoutStudentsFromBufferedReader/0,course,1
/src/02-questions/src/tests/br/ufmg/engsoft/reprova/tests/model/CourseTest.java,br.ufmg.engsoft.reprova.tests.model.CourseTest,testCreateWithoutStudentsFromBufferedReader/0,buffer,1
/src/02-questions/src/tests/br/ufmg/engsoft/reprova/tests/model/CourseTest.java,br.ufmg.engsoft.reprova.tests.model.CourseTest,testCreateWithoutStudentsFromBufferedReader/0,courseFactory,1
/src/02-questions/src/tests/br/ufmg/engsoft/reprova/tests/model/CourseTest.java,br.ufmg.engsoft.reprova.tests.model.CourseTest,testCreateWithoutStudentsFromBufferedReader/0,referenceInt,1
/src/02-questions/src/tests/br/ufmg/engsoft/reprova/tests/model/CourseTest.java,br.ufmg.engsoft.reprova.tests.model.CourseTest,testCreateWithScore_FineGrained/0,factory,1
/src/02-questions/src/tests/br/ufmg/engsoft/reprova/tests/model/CourseTest.java,br.ufmg.engsoft.reprova.tests.model.CourseTest,testCreateWithStudents_FineGrained/0,factory,1
/src/02-questions/src/tests/br/ufmg/engsoft/reprova/tests/model/CourseTest.java,br.ufmg.engsoft.reprova.tests.model.CourseTest,testCreateWithStudents_FineGrained/0,score2,2
/src/02-questions/src/tests/br/ufmg/engsoft/reprova/tests/model/CourseTest.java,br.ufmg.engsoft.reprova.tests.model.CourseTest,testCreateWithStudents_FineGrained/0,student2,1
/src/02-questions/src/tests/br/ufmg/engsoft/reprova/tests/model/CourseTest.java,br.ufmg.engsoft.reprova.tests.model.CourseTest,testCreateWithStudents_FineGrained/0,student1,1
/src/02-questions/src/tests/br/ufmg/engsoft/reprova/tests/model/CourseTest.java,br.ufmg.engsoft.reprova.tests.model.CourseTest,testCreateWithStudents_FineGrained/0,course,1
/src/02-questions/src/tests/br/ufmg/engsoft/reprova/tests/model/CourseTest.java,br.ufmg.engsoft.reprova.tests.model.CourseTest,testCreateWithStudents_FineGrained/0,score1,2
/src/02-questions/src/tests/br/ufmg/engsoft/reprova/tests/model/CourseTest.java,br.ufmg.engsoft.reprova.tests.model.CourseTest,testCreateWithScore_CoarseGrained/0,factory,1
/src/02-questions/src/tests/br/ufmg/engsoft/reprova/tests/model/CourseTest.java,br.ufmg.engsoft.reprova.tests.model.CourseTest,testCreateWithScore_CoarseGrained/0,course,1
/src/02-questions/src/tests/br/ufmg/engsoft/reprova/tests/model/CourseTest.java,br.ufmg.engsoft.reprova.tests.model.CourseTest,testCreateWithStudents/0,reference,1
/src/02-questions/src/tests/br/ufmg/engsoft/reprova/tests/model/CourseTest.java,br.ufmg.engsoft.reprova.tests.model.CourseTest,testCreateWithStudents/0,courseName,1
/src/02-questions/src/tests/br/ufmg/engsoft/reprova/tests/model/CourseTest.java,br.ufmg.engsoft.reprova.tests.model.CourseTest,testCreateWithStudents/0,year,1
/src/02-questions/src/tests/br/ufmg/engsoft/reprova/tests/model/CourseTest.java,br.ufmg.engsoft.reprova.tests.model.CourseTest,testCreateWithStudents/0,xml,1
/src/02-questions/src/tests/br/ufmg/engsoft/reprova/tests/model/CourseTest.java,br.ufmg.engsoft.reprova.tests.model.CourseTest,testCreateWithStudents/0,student1,1
/src/02-questions/src/tests/br/ufmg/engsoft/reprova/tests/model/CourseTest.java,br.ufmg.engsoft.reprova.tests.model.CourseTest,testCreateWithStudents/0,expected,1
/src/02-questions/src/tests/br/ufmg/engsoft/reprova/tests/model/CourseTest.java,br.ufmg.engsoft.reprova.tests.model.CourseTest,testCreateWithStudents/0,course,1
/src/02-questions/src/tests/br/ufmg/engsoft/reprova/tests/model/CourseTest.java,br.ufmg.engsoft.reprova.tests.model.CourseTest,testCreateWithStudents/0,xstream,4
/src/02-questions/src/tests/br/ufmg/engsoft/reprova/tests/model/CourseTest.java,br.ufmg.engsoft.reprova.tests.model.CourseTest,testCreateWithStudents/0,score1,1
/src/02-questions/src/tests/br/ufmg/engsoft/reprova/tests/model/CourseTest.java,br.ufmg.engsoft.reprova.tests.model.CourseTest,testCreateWithStudents/0,courseFactory,1
/src/02-questions/src/tests/br/ufmg/engsoft/reprova/tests/model/CourseTest.java,br.ufmg.engsoft.reprova.tests.model.CourseTest,testCreateWithStudents/0,referenceInt,1
/src/02-questions/src/tests/br/ufmg/engsoft/reprova/tests/model/CourseTest.java,br.ufmg.engsoft.reprova.tests.model.CourseTest,testCreateWithoutStudents/0,reference,1
/src/02-questions/src/tests/br/ufmg/engsoft/reprova/tests/model/CourseTest.java,br.ufmg.engsoft.reprova.tests.model.CourseTest,testCreateWithoutStudents/0,courseName,1
/src/02-questions/src/tests/br/ufmg/engsoft/reprova/tests/model/CourseTest.java,br.ufmg.engsoft.reprova.tests.model.CourseTest,testCreateWithoutStudents/0,year,1
/src/02-questions/src/tests/br/ufmg/engsoft/reprova/tests/model/CourseTest.java,br.ufmg.engsoft.reprova.tests.model.CourseTest,testCreateWithoutStudents/0,xml,1
/src/02-questions/src/tests/br/ufmg/engsoft/reprova/tests/model/CourseTest.java,br.ufmg.engsoft.reprova.tests.model.CourseTest,testCreateWithoutStudents/0,expected,1
/src/02-questions/src/tests/br/ufmg/engsoft/reprova/tests/model/CourseTest.java,br.ufmg.engsoft.reprova.tests.model.CourseTest,testCreateWithoutStudents/0,course,1
/src/02-questions/src/tests/br/ufmg/engsoft/reprova/tests/model/CourseTest.java,br.ufmg.engsoft.reprova.tests.model.CourseTest,testCreateWithoutStudents/0,xstream,4
/src/02-questions/src/tests/br/ufmg/engsoft/reprova/tests/model/CourseTest.java,br.ufmg.engsoft.reprova.tests.model.CourseTest,testCreateWithoutStudents/0,courseFactory,1
/src/02-questions/src/tests/br/ufmg/engsoft/reprova/tests/model/CourseTest.java,br.ufmg.engsoft.reprova.tests.model.CourseTest,testCreateWithoutStudents/0,referenceInt,1
/src/02-questions/src/java/br/ufmg/engsoft/reprova/routes/command/FindCourseCommand.java,br.ufmg.engsoft.reprova.routes.command.FindCourseCommand,"execute/2[br.ufmg.engsoft.reprova.routes.command.Request,br.ufmg.engsoft.reprova.routes.command.Response]",request,1
/src/02-questions/src/java/br/ufmg/engsoft/reprova/routes/command/FindCourseCommand.java,br.ufmg.engsoft.reprova.routes.command.FindCourseCommand,"execute/2[br.ufmg.engsoft.reprova.routes.command.Request,br.ufmg.engsoft.reprova.routes.command.Response]",response,0
/src/02-questions/src/java/br/ufmg/engsoft/reprova/routes/command/FindCourseCommand.java,br.ufmg.engsoft.reprova.routes.command.FindCourseCommand,"execute/2[br.ufmg.engsoft.reprova.routes.command.Request,br.ufmg.engsoft.reprova.routes.command.Response]",course,3
/src/02-questions/src/java/br/ufmg/engsoft/reprova/routes/command/FindCourseCommand.java,br.ufmg.engsoft.reprova.routes.command.FindCourseCommand,FindCourseCommand/1[br.ufmg.engsoft.reprova.database.CourseDAO],courseDAO,2
/src/02-questions/src/java/br/ufmg/engsoft/reprova/routes/command/FindCourseCommand.java,br.ufmg.engsoft.reprova.routes.command.FindCourseCommand,getCourseFromRequest/1[br.ufmg.engsoft.reprova.routes.command.Request],reference,1
/src/02-questions/src/java/br/ufmg/engsoft/reprova/routes/command/FindCourseCommand.java,br.ufmg.engsoft.reprova.routes.command.FindCourseCommand,getCourseFromRequest/1[br.ufmg.engsoft.reprova.routes.command.Request],request,1
/src/02-questions/src/java/br/ufmg/engsoft/reprova/routes/command/FindCourseCommand.java,br.ufmg.engsoft.reprova.routes.command.FindCourseCommand,getCourseFromRequest/1[br.ufmg.engsoft.reprova.routes.command.Request],jsonParser,1
/src/02-questions/src/java/br/ufmg/engsoft/reprova/routes/command/FindCourseCommand.java,br.ufmg.engsoft.reprova.routes.command.FindCourseCommand,getCourseFromRequest/1[br.ufmg.engsoft.reprova.routes.command.Request],courseName,1
/src/02-questions/src/java/br/ufmg/engsoft/reprova/routes/command/FindCourseCommand.java,br.ufmg.engsoft.reprova.routes.command.FindCourseCommand,getCourseFromRequest/1[br.ufmg.engsoft.reprova.routes.command.Request],year,1
/src/02-questions/src/java/br/ufmg/engsoft/reprova/routes/command/FindCourseCommand.java,br.ufmg.engsoft.reprova.routes.command.FindCourseCommand,getCourseFromRequest/1[br.ufmg.engsoft.reprova.routes.command.Request],referenceInteger,1
/src/02-questions/src/java/br/ufmg/engsoft/reprova/routes/command/FindCourseCommand.java,br.ufmg.engsoft.reprova.routes.command.FindCourseCommand,getCourseFromRequest/1[br.ufmg.engsoft.reprova.routes.command.Request],course,1
/src/02-questions/src/java/br/ufmg/engsoft/reprova/routes/command/FindCourseCommand.java,br.ufmg.engsoft.reprova.routes.command.FindCourseCommand,getCourseFromRequest/1[br.ufmg.engsoft.reprova.routes.command.Request],jsonBody,3
/src/02-questions/src/java/br/ufmg/engsoft/reprova/routes/command/FindCourseCommand.java,br.ufmg.engsoft.reprova.routes.command.FindCourseCommand,getCourseFromRequest/1[br.ufmg.engsoft.reprova.routes.command.Request],body,2
/src/02-questions/src/java/br/ufmg/engsoft/reprova/routes/command/FindCourseCommand.java,br.ufmg.engsoft.reprova.routes.command.FindCourseCommand,getCourseFromRequest/1[br.ufmg.engsoft.reprova.routes.command.Request],object,1
/src/02-questions/src/java/br/ufmg/engsoft/reprova/routes/api/Questions.java,br.ufmg.engsoft.reprova.routes.api.Questions,"Questions/2[br.ufmg.engsoft.reprova.mime.json.Json,br.ufmg.engsoft.reprova.database.QuestionsDAO]",json,3
/src/02-questions/src/java/br/ufmg/engsoft/reprova/routes/api/Questions.java,br.ufmg.engsoft.reprova.routes.api.Questions,"Questions/2[br.ufmg.engsoft.reprova.mime.json.Json,br.ufmg.engsoft.reprova.database.QuestionsDAO]",questionsDAO,3
/src/02-questions/src/java/br/ufmg/engsoft/reprova/routes/api/Questions.java,br.ufmg.engsoft.reprova.routes.api.Questions,"get/2[br.ufmg.engsoft.reprova.routes.api.Request,br.ufmg.engsoft.reprova.routes.api.Response]",request,1
/src/02-questions/src/java/br/ufmg/engsoft/reprova/routes/api/Questions.java,br.ufmg.engsoft.reprova.routes.api.Questions,"get/2[br.ufmg.engsoft.reprova.routes.api.Request,br.ufmg.engsoft.reprova.routes.api.Response]",response,1
/src/02-questions/src/java/br/ufmg/engsoft/reprova/routes/api/Questions.java,br.ufmg.engsoft.reprova.routes.api.Questions,"post/2[br.ufmg.engsoft.reprova.routes.api.Request,br.ufmg.engsoft.reprova.routes.api.Response]",request,1
/src/02-questions/src/java/br/ufmg/engsoft/reprova/routes/api/Questions.java,br.ufmg.engsoft.reprova.routes.api.Questions,"post/2[br.ufmg.engsoft.reprova.routes.api.Request,br.ufmg.engsoft.reprova.routes.api.Response]",response,1
/src/02-questions/src/java/br/ufmg/engsoft/reprova/routes/api/Questions.java,br.ufmg.engsoft.reprova.routes.api.Questions,"delete/2[br.ufmg.engsoft.reprova.routes.api.Request,br.ufmg.engsoft.reprova.routes.api.Response]",request,1
/src/02-questions/src/java/br/ufmg/engsoft/reprova/routes/api/Questions.java,br.ufmg.engsoft.reprova.routes.api.Questions,"delete/2[br.ufmg.engsoft.reprova.routes.api.Request,br.ufmg.engsoft.reprova.routes.api.Response]",response,1
/src/02-questions/src/java/br/ufmg/engsoft/reprova/database/FineGrainedCourseDAO.java,br.ufmg.engsoft.reprova.database.FineGrainedCourseDAO,"FineGrainedCourseDAO/2[br.ufmg.engsoft.reprova.database.Mongo,br.ufmg.engsoft.reprova.mime.json.Json]",json,1
/src/02-questions/src/java/br/ufmg/engsoft/reprova/database/FineGrainedCourseDAO.java,br.ufmg.engsoft.reprova.database.FineGrainedCourseDAO,"FineGrainedCourseDAO/2[br.ufmg.engsoft.reprova.database.Mongo,br.ufmg.engsoft.reprova.mime.json.Json]",db,1
/src/02-questions/src/java/br/ufmg/engsoft/reprova/database/FineGrainedCourseDAO.java,br.ufmg.engsoft.reprova.database.FineGrainedCourseDAO,add/1[br.ufmg.engsoft.reprova.model.Course],course,8
/src/02-questions/src/java/br/ufmg/engsoft/reprova/database/FineGrainedCourseDAO.java,br.ufmg.engsoft.reprova.database.FineGrainedCourseDAO,add/1[br.ufmg.engsoft.reprova.model.Course],students,2
/src/02-questions/src/java/br/ufmg/engsoft/reprova/database/FineGrainedCourseDAO.java,br.ufmg.engsoft.reprova.database.FineGrainedCourseDAO,add/1[br.ufmg.engsoft.reprova.model.Course],doc,4
/src/02-questions/src/java/br/ufmg/engsoft/reprova/database/FineGrainedCourseDAO.java,br.ufmg.engsoft.reprova.database.FineGrainedCourseDAO,get/1[br.ufmg.engsoft.reprova.model.Course],course,4
/src/02-questions/src/java/br/ufmg/engsoft/reprova/database/FineGrainedCourseDAO.java,br.ufmg.engsoft.reprova.database.FineGrainedCourseDAO,get/1[br.ufmg.engsoft.reprova.model.Course],doc,4
/src/02-questions/src/java/br/ufmg/engsoft/reprova/database/FineGrainedCourseDAO.java,br.ufmg.engsoft.reprova.database.FineGrainedCourseDAO,get/1[br.ufmg.engsoft.reprova.model.Course],students,1
/src/02-questions/src/java/br/ufmg/engsoft/reprova/database/FineGrainedCourseDAO.java,br.ufmg.engsoft.reprova.database.FineGrainedCourseDAO,delete/1[br.ufmg.engsoft.reprova.model.Course],result,2
/src/02-questions/src/java/br/ufmg/engsoft/reprova/database/FineGrainedCourseDAO.java,br.ufmg.engsoft.reprova.database.FineGrainedCourseDAO,delete/1[br.ufmg.engsoft.reprova.model.Course],course,10
/src/02-questions/src/java/br/ufmg/engsoft/reprova/model/variability/JsonScoreFactory.java,br.ufmg.engsoft.reprova.model.variability.JsonScoreFactory,createScoreFile/1[java.lang.String],scoreFile,2
/src/02-questions/src/java/br/ufmg/engsoft/reprova/model/variability/JsonScoreFactory.java,br.ufmg.engsoft.reprova.model.variability.JsonScoreFactory,createScoreFile/1[java.lang.String],submittedFileName,1
/src/02-questions/src/java/br/ufmg/engsoft/reprova/model/ScoreJson.java,br.ufmg.engsoft.reprova.model.ScoreJson,getScoredCourseFromFile/1[java.io.BufferedReader],scoredCourse,1
/src/02-questions/src/java/br/ufmg/engsoft/reprova/model/ScoreJson.java,br.ufmg.engsoft.reprova.model.ScoreJson,getScoredCourseFromFile/1[java.io.BufferedReader],jsonParser,1
/src/02-questions/src/java/br/ufmg/engsoft/reprova/model/ScoreJson.java,br.ufmg.engsoft.reprova.model.ScoreJson,getScoredCourseFromFile/1[java.io.BufferedReader],studentJson,1
/src/02-questions/src/java/br/ufmg/engsoft/reprova/model/ScoreJson.java,br.ufmg.engsoft.reprova.model.ScoreJson,getScoredCourseFromFile/1[java.io.BufferedReader],student,1
/src/02-questions/src/java/br/ufmg/engsoft/reprova/model/ScoreJson.java,br.ufmg.engsoft.reprova.model.ScoreJson,getScoredCourseFromFile/1[java.io.BufferedReader],reader,1
/src/02-questions/src/java/br/ufmg/engsoft/reprova/model/ScoreJson.java,br.ufmg.engsoft.reprova.model.ScoreJson,getScoredCourseFromFile/1[java.io.BufferedReader],course,3
/src/02-questions/src/java/br/ufmg/engsoft/reprova/model/ScoreJson.java,br.ufmg.engsoft.reprova.model.ScoreJson,getScoredCourseFromFile/1[java.io.BufferedReader],students,2
/src/02-questions/src/java/br/ufmg/engsoft/reprova/model/ScoreJson.java,br.ufmg.engsoft.reprova.model.ScoreJson,getScoredCourseFromFile/1[java.io.BufferedReader],jsonObject,2
/src/02-questions/src/java/br/ufmg/engsoft/reprova/model/ScoreJson.java,br.ufmg.engsoft.reprova.model.ScoreJson,getScoredCourseFromFile/1[java.io.BufferedReader],object,1
/src/02-questions/src/java/br/ufmg/engsoft/reprova/model/ScoreJson.java,br.ufmg.engsoft.reprova.model.ScoreJson,getScoredCourseFromFile/1[java.io.BufferedReader],studentsList,1
/src/02-questions/src/java/br/ufmg/engsoft/reprova/model/ScoreJson.java,br.ufmg.engsoft.reprova.model.ScoreJson,getStudent/1[br.ufmg.engsoft.reprova.model.JsonElement],score,1
/src/02-questions/src/java/br/ufmg/engsoft/reprova/model/ScoreJson.java,br.ufmg.engsoft.reprova.model.ScoreJson,getStudent/1[br.ufmg.engsoft.reprova.model.JsonElement],studentJson,2
/src/02-questions/src/java/br/ufmg/engsoft/reprova/model/ScoreJson.java,br.ufmg.engsoft.reprova.model.ScoreJson,getStudent/1[br.ufmg.engsoft.reprova.model.JsonElement],student,1
/src/02-questions/src/java/br/ufmg/engsoft/reprova/model/ScoreJson.java,br.ufmg.engsoft.reprova.model.ScoreJson,getStudent/1[br.ufmg.engsoft.reprova.model.JsonElement],scoreString,1
/src/02-questions/src/java/br/ufmg/engsoft/reprova/model/ScoreJson.java,br.ufmg.engsoft.reprova.model.ScoreJson,getStudent/1[br.ufmg.engsoft.reprova.model.JsonElement],id,1
/src/02-questions/src/java/br/ufmg/engsoft/reprova/model/ScoreJson.java,br.ufmg.engsoft.reprova.model.ScoreJson,getCourse/1[br.ufmg.engsoft.reprova.model.JsonObject],reference,1
/src/02-questions/src/java/br/ufmg/engsoft/reprova/model/ScoreJson.java,br.ufmg.engsoft.reprova.model.ScoreJson,getCourse/1[br.ufmg.engsoft.reprova.model.JsonObject],courseJson,3
/src/02-questions/src/java/br/ufmg/engsoft/reprova/model/ScoreJson.java,br.ufmg.engsoft.reprova.model.ScoreJson,getCourse/1[br.ufmg.engsoft.reprova.model.JsonObject],referenceString,1
/src/02-questions/src/java/br/ufmg/engsoft/reprova/model/ScoreJson.java,br.ufmg.engsoft.reprova.model.ScoreJson,getCourse/1[br.ufmg.engsoft.reprova.model.JsonObject],courseName,1
/src/02-questions/src/java/br/ufmg/engsoft/reprova/model/ScoreJson.java,br.ufmg.engsoft.reprova.model.ScoreJson,getCourse/1[br.ufmg.engsoft.reprova.model.JsonObject],year,1
/src/02-questions/src/java/br/ufmg/engsoft/reprova/model/ScoreJson.java,br.ufmg.engsoft.reprova.model.ScoreJson,getCourse/1[br.ufmg.engsoft.reprova.model.JsonObject],yearString,1
/src/02-questions/src/java/br/ufmg/engsoft/reprova/model/ScoreJson.java,br.ufmg.engsoft.reprova.model.ScoreJson,getCourse/1[br.ufmg.engsoft.reprova.model.JsonObject],course,1
/src/02-questions/src/java/br/ufmg/engsoft/reprova/model/ScoreJson.java,br.ufmg.engsoft.reprova.model.ScoreJson,getCourse/1[br.ufmg.engsoft.reprova.model.JsonObject],jsonObject,1
/src/02-questions/src/java/br/ufmg/engsoft/reprova/model/ScoreJson.java,br.ufmg.engsoft.reprova.model.ScoreJson,getCourse/1[br.ufmg.engsoft.reprova.model.JsonObject],courseFactory,1
/src/02-questions/src/java/br/ufmg/engsoft/reprova/model/ScoreJson.java,br.ufmg.engsoft.reprova.model.ScoreJson,getCourse/1[br.ufmg.engsoft.reprova.model.JsonObject],referenceInt,1
/src/02-questions/src/java/br/ufmg/engsoft/reprova/model/Question.java,br.ufmg.engsoft.reprova.model.Question,"Question/6[java.lang.String,java.lang.String,java.lang.String,java.lang.String,java.util.List<br.ufmg.engsoft.reprova.model.Course>,boolean]",courses,2
/src/02-questions/src/java/br/ufmg/engsoft/reprova/model/Question.java,br.ufmg.engsoft.reprova.model.Question,"Question/6[java.lang.String,java.lang.String,java.lang.String,java.lang.String,java.util.List<br.ufmg.engsoft.reprova.model.Course>,boolean]",statement,2
/src/02-questions/src/java/br/ufmg/engsoft/reprova/model/Question.java,br.ufmg.engsoft.reprova.model.Question,"Question/6[java.lang.String,java.lang.String,java.lang.String,java.lang.String,java.util.List<br.ufmg.engsoft.reprova.model.Course>,boolean]",description,2
/src/02-questions/src/java/br/ufmg/engsoft/reprova/model/Question.java,br.ufmg.engsoft.reprova.model.Question,"Question/6[java.lang.String,java.lang.String,java.lang.String,java.lang.String,java.util.List<br.ufmg.engsoft.reprova.model.Course>,boolean]",theme,2
/src/02-questions/src/java/br/ufmg/engsoft/reprova/model/Question.java,br.ufmg.engsoft.reprova.model.Question,"Question/6[java.lang.String,java.lang.String,java.lang.String,java.lang.String,java.util.List<br.ufmg.engsoft.reprova.model.Course>,boolean]",id,2
/src/02-questions/src/java/br/ufmg/engsoft/reprova/model/Question.java,br.ufmg.engsoft.reprova.model.Question,"Question/6[java.lang.String,java.lang.String,java.lang.String,java.lang.String,java.util.List<br.ufmg.engsoft.reprova.model.Course>,boolean]",isPrivate,2
/src/02-questions/src/java/br/ufmg/engsoft/reprova/model/Question.java,br.ufmg.engsoft.reprova.model.Question,equals/1[java.lang.Object],question,6
/src/02-questions/src/java/br/ufmg/engsoft/reprova/model/Question.java,br.ufmg.engsoft.reprova.model.Question,equals/1[java.lang.Object],obj,3
/src/02-questions/src/java/br/ufmg/engsoft/reprova/model/Question.java,br.ufmg.engsoft.reprova.model.Question,toString/0,builder,8
/src/02-questions/src/java/br/ufmg/engsoft/reprova/model/variability/FineGrainedCourseFactory.java,br.ufmg.engsoft.reprova.model.variability.FineGrainedCourseFactory,"createCourse/4[int,br.ufmg.engsoft.reprova.model.Course.Reference,java.lang.String,float]",score,0
/src/02-questions/src/java/br/ufmg/engsoft/reprova/model/variability/FineGrainedCourseFactory.java,br.ufmg.engsoft.reprova.model.variability.FineGrainedCourseFactory,"createCourse/4[int,br.ufmg.engsoft.reprova.model.Course.Reference,java.lang.String,float]",ref,0
/src/02-questions/src/java/br/ufmg/engsoft/reprova/model/variability/FineGrainedCourseFactory.java,br.ufmg.engsoft.reprova.model.variability.FineGrainedCourseFactory,"createCourse/4[int,br.ufmg.engsoft.reprova.model.Course.Reference,java.lang.String,float]",courseName,0
/src/02-questions/src/java/br/ufmg/engsoft/reprova/model/variability/FineGrainedCourseFactory.java,br.ufmg.engsoft.reprova.model.variability.FineGrainedCourseFactory,"createCourse/4[int,br.ufmg.engsoft.reprova.model.Course.Reference,java.lang.String,float]",year,0
/src/02-questions/src/java/br/ufmg/engsoft/reprova/model/variability/FineGrainedCourseFactory.java,br.ufmg.engsoft.reprova.model.variability.FineGrainedCourseFactory,"createCourse/3[int,br.ufmg.engsoft.reprova.model.Course.Reference,java.lang.String]",ref,1
/src/02-questions/src/java/br/ufmg/engsoft/reprova/model/variability/FineGrainedCourseFactory.java,br.ufmg.engsoft.reprova.model.variability.FineGrainedCourseFactory,"createCourse/3[int,br.ufmg.engsoft.reprova.model.Course.Reference,java.lang.String]",courseName,1
/src/02-questions/src/java/br/ufmg/engsoft/reprova/model/variability/FineGrainedCourseFactory.java,br.ufmg.engsoft.reprova.model.variability.FineGrainedCourseFactory,"createCourse/3[int,br.ufmg.engsoft.reprova.model.Course.Reference,java.lang.String]",year,1
/src/02-questions/src/java/br/ufmg/engsoft/reprova/model/variability/FineGrainedCourseFactory.java,br.ufmg.engsoft.reprova.model.variability.FineGrainedCourseFactory,"createCourse/3[int,br.ufmg.engsoft.reprova.model.Course.Reference,java.lang.String]",students,1
/src/02-questions/src/java/br/ufmg/engsoft/reprova/model/variability/FineGrainedCourseFactory.java,br.ufmg.engsoft.reprova.model.variability.FineGrainedCourseFactory,"createCourse/4[int,br.ufmg.engsoft.reprova.model.Course.Reference,java.lang.String,java.util.List<br.ufmg.engsoft.reprova.model.Student>]",ref,1
/src/02-questions/src/java/br/ufmg/engsoft/reprova/model/variability/FineGrainedCourseFactory.java,br.ufmg.engsoft.reprova.model.variability.FineGrainedCourseFactory,"createCourse/4[int,br.ufmg.engsoft.reprova.model.Course.Reference,java.lang.String,java.util.List<br.ufmg.engsoft.reprova.model.Student>]",courseName,1
/src/02-questions/src/java/br/ufmg/engsoft/reprova/model/variability/FineGrainedCourseFactory.java,br.ufmg.engsoft.reprova.model.variability.FineGrainedCourseFactory,"createCourse/4[int,br.ufmg.engsoft.reprova.model.Course.Reference,java.lang.String,java.util.List<br.ufmg.engsoft.reprova.model.Student>]",year,1
/src/02-questions/src/java/br/ufmg/engsoft/reprova/model/variability/FineGrainedCourseFactory.java,br.ufmg.engsoft.reprova.model.variability.FineGrainedCourseFactory,"createCourse/4[int,br.ufmg.engsoft.reprova.model.Course.Reference,java.lang.String,java.util.List<br.ufmg.engsoft.reprova.model.Student>]",students,1
/src/02-questions/src/java/br/ufmg/engsoft/reprova/mime/json/Json.java,br.ufmg.engsoft.reprova.mime.json.Json$CourserDeserializer,"deserialize/3[br.ufmg.engsoft.reprova.model.JsonElement,java.lang.reflect.Type,br.ufmg.engsoft.reprova.mime.json.JsonDeserializationContext]",typeOfT,0
/src/02-questions/src/java/br/ufmg/engsoft/reprova/mime/json/Json.java,br.ufmg.engsoft.reprova.mime.json.Json$CourserDeserializer,"deserialize/3[br.ufmg.engsoft.reprova.model.JsonElement,java.lang.reflect.Type,br.ufmg.engsoft.reprova.mime.json.JsonDeserializationContext]",parserBuilder,1
/src/02-questions/src/java/br/ufmg/engsoft/reprova/mime/json/Json.java,br.ufmg.engsoft.reprova.mime.json.Json$CourserDeserializer,"deserialize/3[br.ufmg.engsoft.reprova.model.JsonElement,java.lang.reflect.Type,br.ufmg.engsoft.reprova.mime.json.JsonDeserializationContext]",context,0
/src/02-questions/src/java/br/ufmg/engsoft/reprova/mime/json/Json.java,br.ufmg.engsoft.reprova.mime.json.Json$CourserDeserializer,"deserialize/3[br.ufmg.engsoft.reprova.model.JsonElement,java.lang.reflect.Type,br.ufmg.engsoft.reprova.mime.json.JsonDeserializationContext]",json,1
/src/02-questions/src/java/br/ufmg/engsoft/reprova/mime/json/Json.java,br.ufmg.engsoft.reprova.mime.json.Json$CourserDeserializer,"deserializeTo/3[br.ufmg.engsoft.reprova.model.JsonElement,br.ufmg.engsoft.reprova.mime.json.GsonBuilder,java.lang.Class<T>]",parserBuilder,1
/src/02-questions/src/java/br/ufmg/engsoft/reprova/mime/json/Json.java,br.ufmg.engsoft.reprova.mime.json.Json$CourserDeserializer,"deserializeTo/3[br.ufmg.engsoft.reprova.model.JsonElement,br.ufmg.engsoft.reprova.mime.json.GsonBuilder,java.lang.Class<T>]",json,1
/src/02-questions/src/java/br/ufmg/engsoft/reprova/mime/json/Json.java,br.ufmg.engsoft.reprova.mime.json.Json$CourserDeserializer,"deserializeTo/3[br.ufmg.engsoft.reprova.model.JsonElement,br.ufmg.engsoft.reprova.mime.json.GsonBuilder,java.lang.Class<T>]",clazz,2
/src/02-questions/src/java/br/ufmg/engsoft/reprova/model/Course.java,br.ufmg.engsoft.reprova.model.Course,equals/1[java.lang.Object],obj,3
/src/02-questions/src/java/br/ufmg/engsoft/reprova/model/Course.java,br.ufmg.engsoft.reprova.model.Course,equals/1[java.lang.Object],course,2
/src/02-questions/src/java/br/ufmg/engsoft/reprova/model/Course.java,br.ufmg.engsoft.reprova.model.Course,"Course/3[int,br.ufmg.engsoft.reprova.model.Course.Reference,java.lang.String]",ref,3
/src/02-questions/src/java/br/ufmg/engsoft/reprova/model/Course.java,br.ufmg.engsoft.reprova.model.Course,"Course/3[int,br.ufmg.engsoft.reprova.model.Course.Reference,java.lang.String]",courseName,2
/src/02-questions/src/java/br/ufmg/engsoft/reprova/model/Course.java,br.ufmg.engsoft.reprova.model.Course,"Course/3[int,br.ufmg.engsoft.reprova.model.Course.Reference,java.lang.String]",year,2
/src/02-questions/src/java/br/ufmg/engsoft/reprova/model/ScoreFile.java,br.ufmg.engsoft.reprova.model.ScoreFile,ScoreFile/1[java.lang.String],format,2
/src/02-questions/src/java/br/ufmg/engsoft/reprova/model/ScoreFile.java,br.ufmg.engsoft.reprova.model.ScoreFile,getScoredCourseFromFile/1[java.io.BufferedReader],reader,0
/src/02-questions/src/java/br/ufmg/engsoft/reprova/model/ScoreFile.java,br.ufmg.engsoft.reprova.model.ScoreFile,validateFile/1[java.lang.String],submittedFileName,1
/src/02-questions/src/java/br/ufmg/engsoft/reprova/mime/json/Json.java,br.ufmg.engsoft.reprova.mime.json.Json$StudentDeserializer,"deserialize/3[br.ufmg.engsoft.reprova.model.JsonElement,java.lang.reflect.Type,br.ufmg.engsoft.reprova.mime.json.JsonDeserializationContext]",typeOfT,0
/src/02-questions/src/java/br/ufmg/engsoft/reprova/mime/json/Json.java,br.ufmg.engsoft.reprova.mime.json.Json$StudentDeserializer,"deserialize/3[br.ufmg.engsoft.reprova.model.JsonElement,java.lang.reflect.Type,br.ufmg.engsoft.reprova.mime.json.JsonDeserializationContext]",parserBuilder,1
/src/02-questions/src/java/br/ufmg/engsoft/reprova/mime/json/Json.java,br.ufmg.engsoft.reprova.mime.json.Json$StudentDeserializer,"deserialize/3[br.ufmg.engsoft.reprova.model.JsonElement,java.lang.reflect.Type,br.ufmg.engsoft.reprova.mime.json.JsonDeserializationContext]",context,0
/src/02-questions/src/java/br/ufmg/engsoft/reprova/mime/json/Json.java,br.ufmg.engsoft.reprova.mime.json.Json$StudentDeserializer,"deserialize/3[br.ufmg.engsoft.reprova.model.JsonElement,java.lang.reflect.Type,br.ufmg.engsoft.reprova.mime.json.JsonDeserializationContext]",json,1
/src/02-questions/src/java/br/ufmg/engsoft/reprova/routes/command/AddScoreCommand.java,br.ufmg.engsoft.reprova.routes.command.AddScoreCommand,AddScoreCommand/1[br.ufmg.engsoft.reprova.database.CourseDAO],courseDAO,2
/src/02-questions/src/java/br/ufmg/engsoft/reprova/routes/command/AddScoreCommand.java,br.ufmg.engsoft.reprova.routes.command.AddScoreCommand,"execute/2[br.ufmg.engsoft.reprova.routes.command.Request,br.ufmg.engsoft.reprova.routes.command.Response]",scoredCourse,1
/src/02-questions/src/java/br/ufmg/engsoft/reprova/routes/command/AddScoreCommand.java,br.ufmg.engsoft.reprova.routes.command.AddScoreCommand,"execute/2[br.ufmg.engsoft.reprova.routes.command.Request,br.ufmg.engsoft.reprova.routes.command.Response]",request,2
/src/02-questions/src/java/br/ufmg/engsoft/reprova/routes/command/AddScoreCommand.java,br.ufmg.engsoft.reprova.routes.command.AddScoreCommand,"execute/2[br.ufmg.engsoft.reprova.routes.command.Request,br.ufmg.engsoft.reprova.routes.command.Response]",scoreFile,1
/src/02-questions/src/java/br/ufmg/engsoft/reprova/routes/command/AddScoreCommand.java,br.ufmg.engsoft.reprova.routes.command.AddScoreCommand,"execute/2[br.ufmg.engsoft.reprova.routes.command.Request,br.ufmg.engsoft.reprova.routes.command.Response]",e,1
/src/02-questions/src/java/br/ufmg/engsoft/reprova/routes/command/AddScoreCommand.java,br.ufmg.engsoft.reprova.routes.command.AddScoreCommand,"execute/2[br.ufmg.engsoft.reprova.routes.command.Request,br.ufmg.engsoft.reprova.routes.command.Response]",response,1
/src/02-questions/src/java/br/ufmg/engsoft/reprova/routes/command/AddScoreCommand.java,br.ufmg.engsoft.reprova.routes.command.AddScoreCommand,"execute/2[br.ufmg.engsoft.reprova.routes.command.Request,br.ufmg.engsoft.reprova.routes.command.Response]",reader,2
/src/02-questions/src/java/br/ufmg/engsoft/reprova/routes/command/AddScoreCommand.java,br.ufmg.engsoft.reprova.routes.command.AddScoreCommand,"execute/2[br.ufmg.engsoft.reprova.routes.command.Request,br.ufmg.engsoft.reprova.routes.command.Response]",part,2
/src/02-questions/src/java/br/ufmg/engsoft/reprova/routes/command/AddScoreCommand.java,br.ufmg.engsoft.reprova.routes.command.AddScoreCommand,"execute/2[br.ufmg.engsoft.reprova.routes.command.Request,br.ufmg.engsoft.reprova.routes.command.Response]",scoreFileFactory,1
/src/02-questions/src/java/br/ufmg/engsoft/reprova/routes/command/AddScoreCommand.java,br.ufmg.engsoft.reprova.routes.command.AddScoreCommand,"execute/2[br.ufmg.engsoft.reprova.routes.command.Request,br.ufmg.engsoft.reprova.routes.command.Response]",students,0
/src/02-questions/src/java/br/ufmg/engsoft/reprova/routes/command/AddScoreCommand.java,br.ufmg.engsoft.reprova.routes.command.AddScoreCommand,"execute/2[br.ufmg.engsoft.reprova.routes.command.Request,br.ufmg.engsoft.reprova.routes.command.Response]",course,0
/src/02-questions/src/java/br/ufmg/engsoft/reprova/routes/command/AddScoreCommand.java,br.ufmg.engsoft.reprova.routes.command.AddScoreCommand,"execute/2[br.ufmg.engsoft.reprova.routes.command.Request,br.ufmg.engsoft.reprova.routes.command.Response]",inputStream,1
/src/02-questions/src/java/br/ufmg/engsoft/reprova/model/FineGrainedCourse.java,br.ufmg.engsoft.reprova.model.FineGrainedCourse,getScore/0,student,1
/src/02-questions/src/java/br/ufmg/engsoft/reprova/model/FineGrainedCourse.java,br.ufmg.engsoft.reprova.model.FineGrainedCourse,getScore/0,totalScore,2
/src/02-questions/src/java/br/ufmg/engsoft/reprova/model/FineGrainedCourse.java,br.ufmg.engsoft.reprova.model.FineGrainedCourse,"FineGrainedCourse/4[int,br.ufmg.engsoft.reprova.model.Course.Reference,java.lang.String,java.util.List<br.ufmg.engsoft.reprova.model.Student>]",ref,1
/src/02-questions/src/java/br/ufmg/engsoft/reprova/model/FineGrainedCourse.java,br.ufmg.engsoft.reprova.model.FineGrainedCourse,"FineGrainedCourse/4[int,br.ufmg.engsoft.reprova.model.Course.Reference,java.lang.String,java.util.List<br.ufmg.engsoft.reprova.model.Student>]",courseName,1
/src/02-questions/src/java/br/ufmg/engsoft/reprova/model/FineGrainedCourse.java,br.ufmg.engsoft.reprova.model.FineGrainedCourse,"FineGrainedCourse/4[int,br.ufmg.engsoft.reprova.model.Course.Reference,java.lang.String,java.util.List<br.ufmg.engsoft.reprova.model.Student>]",year,1
/src/02-questions/src/java/br/ufmg/engsoft/reprova/model/FineGrainedCourse.java,br.ufmg.engsoft.reprova.model.FineGrainedCourse,"FineGrainedCourse/4[int,br.ufmg.engsoft.reprova.model.Course.Reference,java.lang.String,java.util.List<br.ufmg.engsoft.reprova.model.Student>]",students,2
/src/02-questions/src/java/br/ufmg/engsoft/reprova/database/variability/CoarseGrainedCourseDAOFactory.java,br.ufmg.engsoft.reprova.database.variability.CoarseGrainedCourseDAOFactory,"createCourseDAO/2[br.ufmg.engsoft.reprova.database.Mongo,br.ufmg.engsoft.reprova.mime.json.Json]",json,1
/src/02-questions/src/java/br/ufmg/engsoft/reprova/database/variability/CoarseGrainedCourseDAOFactory.java,br.ufmg.engsoft.reprova.database.variability.CoarseGrainedCourseDAOFactory,"createCourseDAO/2[br.ufmg.engsoft.reprova.database.Mongo,br.ufmg.engsoft.reprova.mime.json.Json]",db,1
/src/02-questions/src/java/br/ufmg/engsoft/reprova/database/CourseDAO.java,br.ufmg.engsoft.reprova.database.CourseDAO,get/1[br.ufmg.engsoft.reprova.model.Course],course,0
/src/02-questions/src/java/br/ufmg/engsoft/reprova/database/CourseDAO.java,br.ufmg.engsoft.reprova.database.CourseDAO,delete/1[br.ufmg.engsoft.reprova.model.Course],course,0
/src/02-questions/src/java/br/ufmg/engsoft/reprova/database/CourseDAO.java,br.ufmg.engsoft.reprova.database.CourseDAO,"CourseDAO/2[br.ufmg.engsoft.reprova.database.Mongo,br.ufmg.engsoft.reprova.mime.json.Json]",json,3
/src/02-questions/src/java/br/ufmg/engsoft/reprova/database/CourseDAO.java,br.ufmg.engsoft.reprova.database.CourseDAO,"CourseDAO/2[br.ufmg.engsoft.reprova.database.Mongo,br.ufmg.engsoft.reprova.mime.json.Json]",db,2
/src/02-questions/src/java/br/ufmg/engsoft/reprova/database/CourseDAO.java,br.ufmg.engsoft.reprova.database.CourseDAO,add/1[br.ufmg.engsoft.reprova.model.Course],course,0
/src/02-questions/src/java/br/ufmg/engsoft/reprova/routes/command/FindQuestionsCommand.java,br.ufmg.engsoft.reprova.routes.command.FindQuestionsCommand,authorised/1[java.lang.String],token,2
/src/02-questions/src/java/br/ufmg/engsoft/reprova/routes/command/FindQuestionsCommand.java,br.ufmg.engsoft.reprova.routes.command.FindQuestionsCommand,"get/4[br.ufmg.engsoft.reprova.routes.command.Request,br.ufmg.engsoft.reprova.routes.command.Response,java.lang.String,boolean]",request,0
/src/02-questions/src/java/br/ufmg/engsoft/reprova/routes/command/FindQuestionsCommand.java,br.ufmg.engsoft.reprova.routes.command.FindQuestionsCommand,"get/4[br.ufmg.engsoft.reprova.routes.command.Request,br.ufmg.engsoft.reprova.routes.command.Response,java.lang.String,boolean]",question,3
/src/02-questions/src/java/br/ufmg/engsoft/reprova/routes/command/FindQuestionsCommand.java,br.ufmg.engsoft.reprova.routes.command.FindQuestionsCommand,"get/4[br.ufmg.engsoft.reprova.routes.command.Request,br.ufmg.engsoft.reprova.routes.command.Response,java.lang.String,boolean]",auth,1
/src/02-questions/src/java/br/ufmg/engsoft/reprova/routes/command/FindQuestionsCommand.java,br.ufmg.engsoft.reprova.routes.command.FindQuestionsCommand,"get/4[br.ufmg.engsoft.reprova.routes.command.Request,br.ufmg.engsoft.reprova.routes.command.Response,java.lang.String,boolean]",response,4
/src/02-questions/src/java/br/ufmg/engsoft/reprova/routes/command/FindQuestionsCommand.java,br.ufmg.engsoft.reprova.routes.command.FindQuestionsCommand,"get/4[br.ufmg.engsoft.reprova.routes.command.Request,br.ufmg.engsoft.reprova.routes.command.Response,java.lang.String,boolean]",id,3
/src/02-questions/src/java/br/ufmg/engsoft/reprova/routes/command/FindQuestionsCommand.java,br.ufmg.engsoft.reprova.routes.command.FindQuestionsCommand,"get/3[br.ufmg.engsoft.reprova.routes.command.Request,br.ufmg.engsoft.reprova.routes.command.Response,boolean]",request,0
/src/02-questions/src/java/br/ufmg/engsoft/reprova/routes/command/FindQuestionsCommand.java,br.ufmg.engsoft.reprova.routes.command.FindQuestionsCommand,"get/3[br.ufmg.engsoft.reprova.routes.command.Request,br.ufmg.engsoft.reprova.routes.command.Response,boolean]",auth,1
/src/02-questions/src/java/br/ufmg/engsoft/reprova/routes/command/FindQuestionsCommand.java,br.ufmg.engsoft.reprova.routes.command.FindQuestionsCommand,"get/3[br.ufmg.engsoft.reprova.routes.command.Request,br.ufmg.engsoft.reprova.routes.command.Response,boolean]",response,2
/src/02-questions/src/java/br/ufmg/engsoft/reprova/routes/command/FindQuestionsCommand.java,br.ufmg.engsoft.reprova.routes.command.FindQuestionsCommand,"get/3[br.ufmg.engsoft.reprova.routes.command.Request,br.ufmg.engsoft.reprova.routes.command.Response,boolean]",questions,1
/src/02-questions/src/java/br/ufmg/engsoft/reprova/routes/command/FindQuestionsCommand.java,br.ufmg.engsoft.reprova.routes.command.FindQuestionsCommand,"execute/2[br.ufmg.engsoft.reprova.routes.command.Request,br.ufmg.engsoft.reprova.routes.command.Response]",request,4
/src/02-questions/src/java/br/ufmg/engsoft/reprova/routes/command/FindQuestionsCommand.java,br.ufmg.engsoft.reprova.routes.command.FindQuestionsCommand,"execute/2[br.ufmg.engsoft.reprova.routes.command.Request,br.ufmg.engsoft.reprova.routes.command.Response]",auth,2
/src/02-questions/src/java/br/ufmg/engsoft/reprova/routes/command/FindQuestionsCommand.java,br.ufmg.engsoft.reprova.routes.command.FindQuestionsCommand,"execute/2[br.ufmg.engsoft.reprova.routes.command.Request,br.ufmg.engsoft.reprova.routes.command.Response]",response,2
/src/02-questions/src/java/br/ufmg/engsoft/reprova/routes/command/FindQuestionsCommand.java,br.ufmg.engsoft.reprova.routes.command.FindQuestionsCommand,"execute/2[br.ufmg.engsoft.reprova.routes.command.Request,br.ufmg.engsoft.reprova.routes.command.Response]",id,2
/src/02-questions/src/java/br/ufmg/engsoft/reprova/routes/command/FindQuestionsCommand.java,br.ufmg.engsoft.reprova.routes.command.FindQuestionsCommand,"FindQuestionsCommand/2[br.ufmg.engsoft.reprova.database.QuestionsDAO,br.ufmg.engsoft.reprova.mime.json.Json]",json,2
/src/02-questions/src/java/br/ufmg/engsoft/reprova/routes/command/FindQuestionsCommand.java,br.ufmg.engsoft.reprova.routes.command.FindQuestionsCommand,"FindQuestionsCommand/2[br.ufmg.engsoft.reprova.database.QuestionsDAO,br.ufmg.engsoft.reprova.mime.json.Json]",questionsDAO,2
/src/02-questions/auth-microservice/src/main/java/br/ufmg/engsoft/services/RegistryService.java,br.ufmg.engsoft.services.RegistryService,"register/3[java.lang.String,java.lang.String,br.ufmg.engsoft.models.UserType]",password,1
/src/02-questions/auth-microservice/src/main/java/br/ufmg/engsoft/services/RegistryService.java,br.ufmg.engsoft.services.RegistryService,"register/3[java.lang.String,java.lang.String,br.ufmg.engsoft.models.UserType]",e,1
/src/02-questions/auth-microservice/src/main/java/br/ufmg/engsoft/services/RegistryService.java,br.ufmg.engsoft.services.RegistryService,"register/3[java.lang.String,java.lang.String,br.ufmg.engsoft.models.UserType]",response,4
/src/02-questions/auth-microservice/src/main/java/br/ufmg/engsoft/services/RegistryService.java,br.ufmg.engsoft.services.RegistryService,"register/3[java.lang.String,java.lang.String,br.ufmg.engsoft.models.UserType]",newUser,5
/src/02-questions/auth-microservice/src/main/java/br/ufmg/engsoft/services/RegistryService.java,br.ufmg.engsoft.services.RegistryService,"register/3[java.lang.String,java.lang.String,br.ufmg.engsoft.models.UserType]",userType,1
/src/02-questions/auth-microservice/src/main/java/br/ufmg/engsoft/services/RegistryService.java,br.ufmg.engsoft.services.RegistryService,"register/3[java.lang.String,java.lang.String,br.ufmg.engsoft.models.UserType]",username,1
/src/02-questions/src/java/br/ufmg/engsoft/reprova/routes/Setup.java,br.ufmg.engsoft.reprova.routes.Setup,"routes/3[br.ufmg.engsoft.reprova.mime.json.Json,br.ufmg.engsoft.reprova.database.QuestionsDAO,br.ufmg.engsoft.reprova.database.CourseDAO]",score,1
/src/02-questions/src/java/br/ufmg/engsoft/reprova/routes/Setup.java,br.ufmg.engsoft.reprova.routes.Setup,"routes/3[br.ufmg.engsoft.reprova.mime.json.Json,br.ufmg.engsoft.reprova.database.QuestionsDAO,br.ufmg.engsoft.reprova.database.CourseDAO]",questions,1
/src/02-questions/src/java/br/ufmg/engsoft/reprova/routes/Setup.java,br.ufmg.engsoft.reprova.routes.Setup,"routes/3[br.ufmg.engsoft.reprova.mime.json.Json,br.ufmg.engsoft.reprova.database.QuestionsDAO,br.ufmg.engsoft.reprova.database.CourseDAO]",json,3
/src/02-questions/src/java/br/ufmg/engsoft/reprova/routes/Setup.java,br.ufmg.engsoft.reprova.routes.Setup,"routes/3[br.ufmg.engsoft.reprova.mime.json.Json,br.ufmg.engsoft.reprova.database.QuestionsDAO,br.ufmg.engsoft.reprova.database.CourseDAO]",courseDAO,2
/src/02-questions/src/java/br/ufmg/engsoft/reprova/routes/Setup.java,br.ufmg.engsoft.reprova.routes.Setup,"routes/3[br.ufmg.engsoft.reprova.mime.json.Json,br.ufmg.engsoft.reprova.database.QuestionsDAO,br.ufmg.engsoft.reprova.database.CourseDAO]",questionsDAO,2
/src/02-questions/src/tests/br/ufmg/engsoft/reprova/tests/mime/json/JsonTest.java,br.ufmg.engsoft.reprova.tests.mime.json.JsonTest,testQuestionSerialization_FineGrained/0,c3,1
/src/02-questions/src/tests/br/ufmg/engsoft/reprova/tests/mime/json/JsonTest.java,br.ufmg.engsoft.reprova.tests.mime.json.JsonTest,testQuestionSerialization_FineGrained/0,formatter,2
/src/02-questions/src/tests/br/ufmg/engsoft/reprova/tests/mime/json/JsonTest.java,br.ufmg.engsoft.reprova.tests.mime.json.JsonTest,testQuestionSerialization_FineGrained/0,factory,3
/src/02-questions/src/tests/br/ufmg/engsoft/reprova/tests/mime/json/JsonTest.java,br.ufmg.engsoft.reprova.tests.mime.json.JsonTest,testQuestionSerialization_FineGrained/0,question,2
/src/02-questions/src/tests/br/ufmg/engsoft/reprova/tests/mime/json/JsonTest.java,br.ufmg.engsoft.reprova.tests.mime.json.JsonTest,testQuestionSerialization_FineGrained/0,json,1
/src/02-questions/src/tests/br/ufmg/engsoft/reprova/tests/mime/json/JsonTest.java,br.ufmg.engsoft.reprova.tests.mime.json.JsonTest,testQuestionSerialization_FineGrained/0,s1,3
/src/02-questions/src/tests/br/ufmg/engsoft/reprova/tests/mime/json/JsonTest.java,br.ufmg.engsoft.reprova.tests.mime.json.JsonTest,testQuestionSerialization_FineGrained/0,c1,1
/src/02-questions/src/tests/br/ufmg/engsoft/reprova/tests/mime/json/JsonTest.java,br.ufmg.engsoft.reprova.tests.mime.json.JsonTest,testQuestionSerialization_FineGrained/0,questionCopy,1
/src/02-questions/src/tests/br/ufmg/engsoft/reprova/tests/mime/json/JsonTest.java,br.ufmg.engsoft.reprova.tests.mime.json.JsonTest,testQuestionSerialization_FineGrained/0,s2,2
/src/02-questions/src/tests/br/ufmg/engsoft/reprova/tests/mime/json/JsonTest.java,br.ufmg.engsoft.reprova.tests.mime.json.JsonTest,testQuestionSerialization_FineGrained/0,c2,1
/src/02-questions/src/tests/br/ufmg/engsoft/reprova/tests/mime/json/JsonTest.java,br.ufmg.engsoft.reprova.tests.mime.json.JsonTest,testStudentSerialization/0,formatter,2
/src/02-questions/src/tests/br/ufmg/engsoft/reprova/tests/mime/json/JsonTest.java,br.ufmg.engsoft.reprova.tests.mime.json.JsonTest,testStudentSerialization/0,student,2
/src/02-questions/src/tests/br/ufmg/engsoft/reprova/tests/mime/json/JsonTest.java,br.ufmg.engsoft.reprova.tests.mime.json.JsonTest,testStudentSerialization/0,json,1
/src/02-questions/src/tests/br/ufmg/engsoft/reprova/tests/mime/json/JsonTest.java,br.ufmg.engsoft.reprova.tests.mime.json.JsonTest,testStudentSerialization/0,studentCopy,1
/src/02-questions/src/tests/br/ufmg/engsoft/reprova/tests/mime/json/JsonTest.java,br.ufmg.engsoft.reprova.tests.mime.json.JsonTest,entriesToMap/0,e,3
/src/02-questions/src/tests/br/ufmg/engsoft/reprova/tests/mime/json/JsonTest.java,br.ufmg.engsoft.reprova.tests.mime.json.JsonTest,entriesToConcurrentMap/0,e,3
/src/02-questions/src/tests/br/ufmg/engsoft/reprova/tests/mime/json/JsonTest.java,br.ufmg.engsoft.reprova.tests.mime.json.JsonTest,testQuestionSerialization_CoarseGrained/0,c3,1
/src/02-questions/src/tests/br/ufmg/engsoft/reprova/tests/mime/json/JsonTest.java,br.ufmg.engsoft.reprova.tests.mime.json.JsonTest,testQuestionSerialization_CoarseGrained/0,formatter,2
/src/02-questions/src/tests/br/ufmg/engsoft/reprova/tests/mime/json/JsonTest.java,br.ufmg.engsoft.reprova.tests.mime.json.JsonTest,testQuestionSerialization_CoarseGrained/0,factory,3
/src/02-questions/src/tests/br/ufmg/engsoft/reprova/tests/mime/json/JsonTest.java,br.ufmg.engsoft.reprova.tests.mime.json.JsonTest,testQuestionSerialization_CoarseGrained/0,question,2
/src/02-questions/src/tests/br/ufmg/engsoft/reprova/tests/mime/json/JsonTest.java,br.ufmg.engsoft.reprova.tests.mime.json.JsonTest,testQuestionSerialization_CoarseGrained/0,json,1
/src/02-questions/src/tests/br/ufmg/engsoft/reprova/tests/mime/json/JsonTest.java,br.ufmg.engsoft.reprova.tests.mime.json.JsonTest,testQuestionSerialization_CoarseGrained/0,c1,1
/src/02-questions/src/tests/br/ufmg/engsoft/reprova/tests/mime/json/JsonTest.java,br.ufmg.engsoft.reprova.tests.mime.json.JsonTest,testQuestionSerialization_CoarseGrained/0,questionCopy,1
/src/02-questions/src/tests/br/ufmg/engsoft/reprova/tests/mime/json/JsonTest.java,br.ufmg.engsoft.reprova.tests.mime.json.JsonTest,testQuestionSerialization_CoarseGrained/0,c2,1
/src/02-questions/src/tests/br/ufmg/engsoft/reprova/tests/mime/json/JsonTest.java,br.ufmg.engsoft.reprova.tests.mime.json.JsonTest,"entry/2[K,V]",value,1
/src/02-questions/src/tests/br/ufmg/engsoft/reprova/tests/mime/json/JsonTest.java,br.ufmg.engsoft.reprova.tests.mime.json.JsonTest,"entry/2[K,V]",key,1
/src/02-questions/src/tests/br/ufmg/engsoft/reprova/tests/mime/json/JsonTest.java,br.ufmg.engsoft.reprova.tests.mime.json.JsonTest,testCourseSerialization_FineGrained/0,formatter,2
/src/02-questions/src/tests/br/ufmg/engsoft/reprova/tests/mime/json/JsonTest.java,br.ufmg.engsoft.reprova.tests.mime.json.JsonTest,testCourseSerialization_FineGrained/0,factory,1
/src/02-questions/src/tests/br/ufmg/engsoft/reprova/tests/mime/json/JsonTest.java,br.ufmg.engsoft.reprova.tests.mime.json.JsonTest,testCourseSerialization_FineGrained/0,course,2
/src/02-questions/src/tests/br/ufmg/engsoft/reprova/tests/mime/json/JsonTest.java,br.ufmg.engsoft.reprova.tests.mime.json.JsonTest,testCourseSerialization_FineGrained/0,json,1
/src/02-questions/src/tests/br/ufmg/engsoft/reprova/tests/mime/json/JsonTest.java,br.ufmg.engsoft.reprova.tests.mime.json.JsonTest,testCourseSerialization_FineGrained/0,s1,1
/src/02-questions/src/tests/br/ufmg/engsoft/reprova/tests/mime/json/JsonTest.java,br.ufmg.engsoft.reprova.tests.mime.json.JsonTest,testCourseSerialization_FineGrained/0,s2,1
/src/02-questions/src/tests/br/ufmg/engsoft/reprova/tests/mime/json/JsonTest.java,br.ufmg.engsoft.reprova.tests.mime.json.JsonTest,testCourseSerialization_FineGrained/0,courseCopy,1
/src/02-questions/src/tests/br/ufmg/engsoft/reprova/tests/mime/json/JsonTest.java,br.ufmg.engsoft.reprova.tests.mime.json.JsonTest,testCourseSerialization_CoarseGrained/0,formatter,2
/src/02-questions/src/tests/br/ufmg/engsoft/reprova/tests/mime/json/JsonTest.java,br.ufmg.engsoft.reprova.tests.mime.json.JsonTest,testCourseSerialization_CoarseGrained/0,factory,1
/src/02-questions/src/tests/br/ufmg/engsoft/reprova/tests/mime/json/JsonTest.java,br.ufmg.engsoft.reprova.tests.mime.json.JsonTest,testCourseSerialization_CoarseGrained/0,course,2
/src/02-questions/src/tests/br/ufmg/engsoft/reprova/tests/mime/json/JsonTest.java,br.ufmg.engsoft.reprova.tests.mime.json.JsonTest,testCourseSerialization_CoarseGrained/0,json,1
/src/02-questions/src/tests/br/ufmg/engsoft/reprova/tests/mime/json/JsonTest.java,br.ufmg.engsoft.reprova.tests.mime.json.JsonTest,testCourseSerialization_CoarseGrained/0,courseCopy,1
/src/02-questions/auth-microservice/src/main/java/br/ufmg/engsoft/AuthModuleApplication.java,br.ufmg.engsoft.AuthModuleApplication,main/1[java.lang.String[]],args,1
/src/02-questions/src/java/br/ufmg/engsoft/reprova/routes/command/DeleteCourseCommand.java,br.ufmg.engsoft.reprova.routes.command.DeleteCourseCommand,"execute/2[br.ufmg.engsoft.reprova.routes.command.Request,br.ufmg.engsoft.reprova.routes.command.Response]",request,1
/src/02-questions/src/java/br/ufmg/engsoft/reprova/routes/command/DeleteCourseCommand.java,br.ufmg.engsoft.reprova.routes.command.DeleteCourseCommand,"execute/2[br.ufmg.engsoft.reprova.routes.command.Request,br.ufmg.engsoft.reprova.routes.command.Response]",response,0
/src/02-questions/src/java/br/ufmg/engsoft/reprova/routes/command/DeleteCourseCommand.java,br.ufmg.engsoft.reprova.routes.command.DeleteCourseCommand,"execute/2[br.ufmg.engsoft.reprova.routes.command.Request,br.ufmg.engsoft.reprova.routes.command.Response]",course,1
/src/02-questions/src/java/br/ufmg/engsoft/reprova/routes/command/DeleteCourseCommand.java,br.ufmg.engsoft.reprova.routes.command.DeleteCourseCommand,getCourseFromRequest/1[br.ufmg.engsoft.reprova.routes.command.Request],reference,1
/src/02-questions/src/java/br/ufmg/engsoft/reprova/routes/command/DeleteCourseCommand.java,br.ufmg.engsoft.reprova.routes.command.DeleteCourseCommand,getCourseFromRequest/1[br.ufmg.engsoft.reprova.routes.command.Request],request,1
/src/02-questions/src/java/br/ufmg/engsoft/reprova/routes/command/DeleteCourseCommand.java,br.ufmg.engsoft.reprova.routes.command.DeleteCourseCommand,getCourseFromRequest/1[br.ufmg.engsoft.reprova.routes.command.Request],jsonParser,1
/src/02-questions/src/java/br/ufmg/engsoft/reprova/routes/command/DeleteCourseCommand.java,br.ufmg.engsoft.reprova.routes.command.DeleteCourseCommand,getCourseFromRequest/1[br.ufmg.engsoft.reprova.routes.command.Request],courseName,1
/src/02-questions/src/java/br/ufmg/engsoft/reprova/routes/command/DeleteCourseCommand.java,br.ufmg.engsoft.reprova.routes.command.DeleteCourseCommand,getCourseFromRequest/1[br.ufmg.engsoft.reprova.routes.command.Request],year,1
/src/02-questions/src/java/br/ufmg/engsoft/reprova/routes/command/DeleteCourseCommand.java,br.ufmg.engsoft.reprova.routes.command.DeleteCourseCommand,getCourseFromRequest/1[br.ufmg.engsoft.reprova.routes.command.Request],referenceInteger,1
/src/02-questions/src/java/br/ufmg/engsoft/reprova/routes/command/DeleteCourseCommand.java,br.ufmg.engsoft.reprova.routes.command.DeleteCourseCommand,getCourseFromRequest/1[br.ufmg.engsoft.reprova.routes.command.Request],course,1
/src/02-questions/src/java/br/ufmg/engsoft/reprova/routes/command/DeleteCourseCommand.java,br.ufmg.engsoft.reprova.routes.command.DeleteCourseCommand,getCourseFromRequest/1[br.ufmg.engsoft.reprova.routes.command.Request],jsonBody,3
/src/02-questions/src/java/br/ufmg/engsoft/reprova/routes/command/DeleteCourseCommand.java,br.ufmg.engsoft.reprova.routes.command.DeleteCourseCommand,getCourseFromRequest/1[br.ufmg.engsoft.reprova.routes.command.Request],body,2
/src/02-questions/src/java/br/ufmg/engsoft/reprova/routes/command/DeleteCourseCommand.java,br.ufmg.engsoft.reprova.routes.command.DeleteCourseCommand,getCourseFromRequest/1[br.ufmg.engsoft.reprova.routes.command.Request],object,1
/src/02-questions/src/java/br/ufmg/engsoft/reprova/routes/command/DeleteCourseCommand.java,br.ufmg.engsoft.reprova.routes.command.DeleteCourseCommand,DeleteCourseCommand/1[br.ufmg.engsoft.reprova.database.CourseDAO],courseDAO,2
/src/02-questions/src/java/br/ufmg/engsoft/reprova/database/CoarseGrainedCourseDAO.java,br.ufmg.engsoft.reprova.database.CoarseGrainedCourseDAO,delete/1[br.ufmg.engsoft.reprova.model.Course],result,2
/src/02-questions/src/java/br/ufmg/engsoft/reprova/database/CoarseGrainedCourseDAO.java,br.ufmg.engsoft.reprova.database.CoarseGrainedCourseDAO,delete/1[br.ufmg.engsoft.reprova.model.Course],course,8
/src/02-questions/src/java/br/ufmg/engsoft/reprova/database/CoarseGrainedCourseDAO.java,br.ufmg.engsoft.reprova.database.CoarseGrainedCourseDAO,"CoarseGrainedCourseDAO/2[br.ufmg.engsoft.reprova.database.Mongo,br.ufmg.engsoft.reprova.mime.json.Json]",json,1
/src/02-questions/src/java/br/ufmg/engsoft/reprova/database/CoarseGrainedCourseDAO.java,br.ufmg.engsoft.reprova.database.CoarseGrainedCourseDAO,"CoarseGrainedCourseDAO/2[br.ufmg.engsoft.reprova.database.Mongo,br.ufmg.engsoft.reprova.mime.json.Json]",db,1
/src/02-questions/src/java/br/ufmg/engsoft/reprova/database/CoarseGrainedCourseDAO.java,br.ufmg.engsoft.reprova.database.CoarseGrainedCourseDAO,add/1[br.ufmg.engsoft.reprova.model.Course],course,6
/src/02-questions/src/java/br/ufmg/engsoft/reprova/database/CoarseGrainedCourseDAO.java,br.ufmg.engsoft.reprova.database.CoarseGrainedCourseDAO,add/1[br.ufmg.engsoft.reprova.model.Course],doc,4
/src/02-questions/src/java/br/ufmg/engsoft/reprova/database/CoarseGrainedCourseDAO.java,br.ufmg.engsoft.reprova.database.CoarseGrainedCourseDAO,verifyand/1[br.ufmg.engsoft.reprova.model.Course],course,3
/src/02-questions/src/java/br/ufmg/engsoft/reprova/database/CoarseGrainedCourseDAO.java,br.ufmg.engsoft.reprova.database.CoarseGrainedCourseDAO,get/1[br.ufmg.engsoft.reprova.model.Course],course,2
/src/02-questions/src/java/br/ufmg/engsoft/reprova/database/CoarseGrainedCourseDAO.java,br.ufmg.engsoft.reprova.database.CoarseGrainedCourseDAO,get/1[br.ufmg.engsoft.reprova.model.Course],doc,4
/src/02-questions/src/tests/br/ufmg/engsoft/reprova/tests/database/CoarseGrainedCourseDAOTest.java,br.ufmg.engsoft.reprova.tests.database.CoarseGrainedCourseDAOTest,test_retrieval/0,factory,1
/src/02-questions/src/tests/br/ufmg/engsoft/reprova/tests/database/CoarseGrainedCourseDAOTest.java,br.ufmg.engsoft.reprova.tests.database.CoarseGrainedCourseDAOTest,test_retrieval/0,course,6
/src/02-questions/src/tests/br/ufmg/engsoft/reprova/tests/database/CoarseGrainedCourseDAOTest.java,br.ufmg.engsoft.reprova.tests.database.CoarseGrainedCourseDAOTest,test_retrieval/0,course2,4
/src/02-questions/src/tests/br/ufmg/engsoft/reprova/tests/database/CoarseGrainedCourseDAOTest.java,br.ufmg.engsoft.reprova.tests.database.CoarseGrainedCourseDAOTest,setup/0,e,0
/src/02-questions/src/tests/br/ufmg/engsoft/reprova/tests/database/CoarseGrainedCourseDAOTest.java,br.ufmg.engsoft.reprova.tests.database.CoarseGrainedCourseDAOTest,test_insertion/0,factory,1
/src/02-questions/src/tests/br/ufmg/engsoft/reprova/tests/database/CoarseGrainedCourseDAOTest.java,br.ufmg.engsoft.reprova.tests.database.CoarseGrainedCourseDAOTest,test_insertion/0,course,1
/src/02-questions/src/tests/br/ufmg/engsoft/reprova/tests/database/FineGrainedCourseDAOTest.java,br.ufmg.engsoft.reprova.tests.database.FineGrainedCourseDAOTest,setup/0,e,0
/src/02-questions/src/tests/br/ufmg/engsoft/reprova/tests/database/FineGrainedCourseDAOTest.java,br.ufmg.engsoft.reprova.tests.database.FineGrainedCourseDAOTest,test_retrieval/0,factory,1
/src/02-questions/src/tests/br/ufmg/engsoft/reprova/tests/database/FineGrainedCourseDAOTest.java,br.ufmg.engsoft.reprova.tests.database.FineGrainedCourseDAOTest,test_retrieval/0,course,6
/src/02-questions/src/tests/br/ufmg/engsoft/reprova/tests/database/FineGrainedCourseDAOTest.java,br.ufmg.engsoft.reprova.tests.database.FineGrainedCourseDAOTest,test_retrieval/0,course2,4
/src/02-questions/src/tests/br/ufmg/engsoft/reprova/tests/database/FineGrainedCourseDAOTest.java,br.ufmg.engsoft.reprova.tests.database.FineGrainedCourseDAOTest,test_insertion/0,factory,1
/src/02-questions/src/tests/br/ufmg/engsoft/reprova/tests/database/FineGrainedCourseDAOTest.java,br.ufmg.engsoft.reprova.tests.database.FineGrainedCourseDAOTest,test_insertion/0,score2,1
/src/02-questions/src/tests/br/ufmg/engsoft/reprova/tests/database/FineGrainedCourseDAOTest.java,br.ufmg.engsoft.reprova.tests.database.FineGrainedCourseDAOTest,test_insertion/0,student2,1
/src/02-questions/src/tests/br/ufmg/engsoft/reprova/tests/database/FineGrainedCourseDAOTest.java,br.ufmg.engsoft.reprova.tests.database.FineGrainedCourseDAOTest,test_insertion/0,student1,1
/src/02-questions/src/tests/br/ufmg/engsoft/reprova/tests/database/FineGrainedCourseDAOTest.java,br.ufmg.engsoft.reprova.tests.database.FineGrainedCourseDAOTest,test_insertion/0,course,1
/src/02-questions/src/tests/br/ufmg/engsoft/reprova/tests/database/FineGrainedCourseDAOTest.java,br.ufmg.engsoft.reprova.tests.database.FineGrainedCourseDAOTest,test_insertion/0,score1,1
/src/02-questions/src/java/br/ufmg/engsoft/reprova/model/ScoreXml.java,br.ufmg.engsoft.reprova.model.ScoreXml,getScoredCourseFromFile/1[java.io.BufferedReader],e,0
/src/02-questions/src/java/br/ufmg/engsoft/reprova/model/ScoreXml.java,br.ufmg.engsoft.reprova.model.ScoreXml,getScoredCourseFromFile/1[java.io.BufferedReader],reader,1
/src/02-questions/src/java/br/ufmg/engsoft/reprova/model/ScoreXml.java,br.ufmg.engsoft.reprova.model.ScoreXml,getScoredCourseFromFile/1[java.io.BufferedReader],expected,1
/src/02-questions/src/java/br/ufmg/engsoft/reprova/model/ScoreXml.java,br.ufmg.engsoft.reprova.model.ScoreXml,getScoredCourseFromFile/1[java.io.BufferedReader],xstream,5
/src/02-questions/src/java/br/ufmg/engsoft/reprova/routes/Command.java,br.ufmg.engsoft.reprova.routes.Command,"execute/2[br.ufmg.engsoft.reprova.routes.Request,br.ufmg.engsoft.reprova.routes.Response]",request,0
/src/02-questions/src/java/br/ufmg/engsoft/reprova/routes/Command.java,br.ufmg.engsoft.reprova.routes.Command,"execute/2[br.ufmg.engsoft.reprova.routes.Request,br.ufmg.engsoft.reprova.routes.Response]",response,0
/src/02-questions/src/java/br/ufmg/engsoft/reprova/routes/Command.java,br.ufmg.engsoft.reprova.routes.Command,"handle/2[br.ufmg.engsoft.reprova.routes.Request,br.ufmg.engsoft.reprova.routes.Response]",request,1
/src/02-questions/src/java/br/ufmg/engsoft/reprova/routes/Command.java,br.ufmg.engsoft.reprova.routes.Command,"handle/2[br.ufmg.engsoft.reprova.routes.Request,br.ufmg.engsoft.reprova.routes.Response]",response,1
/src/02-questions/src/java/br/ufmg/engsoft/reprova/routes/command/DeleteQuestionCommand.java,br.ufmg.engsoft.reprova.routes.command.DeleteQuestionCommand,"execute/2[br.ufmg.engsoft.reprova.routes.command.Request,br.ufmg.engsoft.reprova.routes.command.Response]",request,2
/src/02-questions/src/java/br/ufmg/engsoft/reprova/routes/command/DeleteQuestionCommand.java,br.ufmg.engsoft.reprova.routes.command.DeleteQuestionCommand,"execute/2[br.ufmg.engsoft.reprova.routes.command.Request,br.ufmg.engsoft.reprova.routes.command.Response]",response,4
/src/02-questions/src/java/br/ufmg/engsoft/reprova/routes/command/DeleteQuestionCommand.java,br.ufmg.engsoft.reprova.routes.command.DeleteQuestionCommand,"execute/2[br.ufmg.engsoft.reprova.routes.command.Request,br.ufmg.engsoft.reprova.routes.command.Response]",success,1
/src/02-questions/src/java/br/ufmg/engsoft/reprova/routes/command/DeleteQuestionCommand.java,br.ufmg.engsoft.reprova.routes.command.DeleteQuestionCommand,"execute/2[br.ufmg.engsoft.reprova.routes.command.Request,br.ufmg.engsoft.reprova.routes.command.Response]",id,3
/src/02-questions/src/java/br/ufmg/engsoft/reprova/routes/command/DeleteQuestionCommand.java,br.ufmg.engsoft.reprova.routes.command.DeleteQuestionCommand,"execute/2[br.ufmg.engsoft.reprova.routes.command.Request,br.ufmg.engsoft.reprova.routes.command.Response]",token,2
/src/02-questions/src/java/br/ufmg/engsoft/reprova/routes/command/DeleteQuestionCommand.java,br.ufmg.engsoft.reprova.routes.command.DeleteQuestionCommand,authorised/1[java.lang.String],token,2
/src/02-questions/src/java/br/ufmg/engsoft/reprova/routes/command/DeleteQuestionCommand.java,br.ufmg.engsoft.reprova.routes.command.DeleteQuestionCommand,DeleteQuestionCommand/1[br.ufmg.engsoft.reprova.database.QuestionsDAO],questionsDAO,2
/src/02-questions/auth-microservice/src/main/java/br/ufmg/engsoft/controllers/RegistryController.java,br.ufmg.engsoft.controllers.RegistryController,"login/1[java.util.Map<java.lang.String,java.lang.String>]",input,3
/src/02-questions/src/java/br/ufmg/engsoft/reprova/database/variability/FineGrainedCourseDAOFactory.java,br.ufmg.engsoft.reprova.database.variability.FineGrainedCourseDAOFactory,"createCourseDAO/2[br.ufmg.engsoft.reprova.database.Mongo,br.ufmg.engsoft.reprova.mime.json.Json]",json,1
/src/02-questions/src/java/br/ufmg/engsoft/reprova/database/variability/FineGrainedCourseDAOFactory.java,br.ufmg.engsoft.reprova.database.variability.FineGrainedCourseDAOFactory,"createCourseDAO/2[br.ufmg.engsoft.reprova.database.Mongo,br.ufmg.engsoft.reprova.mime.json.Json]",db,1
/src/02-questions/src/java/br/ufmg/engsoft/reprova/model/variability/XMLScoreFactory.java,br.ufmg.engsoft.reprova.model.variability.XMLScoreFactory,createScoreFile/1[java.lang.String],scoreFile,2
/src/02-questions/src/java/br/ufmg/engsoft/reprova/model/variability/XMLScoreFactory.java,br.ufmg.engsoft.reprova.model.variability.XMLScoreFactory,createScoreFile/1[java.lang.String],submittedFileName,1
/src/02-questions/src/java/br/ufmg/engsoft/reprova/model/CourseFactory.java,br.ufmg.engsoft.reprova.model.CourseFactory,"createCourse/4[int,br.ufmg.engsoft.reprova.model.Course.Reference,java.lang.String,java.util.List<br.ufmg.engsoft.reprova.model.Student>]",ref,0
/src/02-questions/src/java/br/ufmg/engsoft/reprova/model/CourseFactory.java,br.ufmg.engsoft.reprova.model.CourseFactory,"createCourse/4[int,br.ufmg.engsoft.reprova.model.Course.Reference,java.lang.String,java.util.List<br.ufmg.engsoft.reprova.model.Student>]",courseName,0
/src/02-questions/src/java/br/ufmg/engsoft/reprova/model/CourseFactory.java,br.ufmg.engsoft.reprova.model.CourseFactory,"createCourse/4[int,br.ufmg.engsoft.reprova.model.Course.Reference,java.lang.String,java.util.List<br.ufmg.engsoft.reprova.model.Student>]",year,0
/src/02-questions/src/java/br/ufmg/engsoft/reprova/model/CourseFactory.java,br.ufmg.engsoft.reprova.model.CourseFactory,"createCourse/4[int,br.ufmg.engsoft.reprova.model.Course.Reference,java.lang.String,java.util.List<br.ufmg.engsoft.reprova.model.Student>]",students,0
/src/02-questions/src/java/br/ufmg/engsoft/reprova/model/CourseFactory.java,br.ufmg.engsoft.reprova.model.CourseFactory,"createCourse/3[int,br.ufmg.engsoft.reprova.model.Course.Reference,java.lang.String]",ref,0
/src/02-questions/src/java/br/ufmg/engsoft/reprova/model/CourseFactory.java,br.ufmg.engsoft.reprova.model.CourseFactory,"createCourse/3[int,br.ufmg.engsoft.reprova.model.Course.Reference,java.lang.String]",courseName,0
/src/02-questions/src/java/br/ufmg/engsoft/reprova/model/CourseFactory.java,br.ufmg.engsoft.reprova.model.CourseFactory,"createCourse/3[int,br.ufmg.engsoft.reprova.model.Course.Reference,java.lang.String]",year,0
/src/02-questions/src/java/br/ufmg/engsoft/reprova/model/CourseFactory.java,br.ufmg.engsoft.reprova.model.CourseFactory,"createCourse/4[int,br.ufmg.engsoft.reprova.model.Course.Reference,java.lang.String,float]",score,0
/src/02-questions/src/java/br/ufmg/engsoft/reprova/model/CourseFactory.java,br.ufmg.engsoft.reprova.model.CourseFactory,"createCourse/4[int,br.ufmg.engsoft.reprova.model.Course.Reference,java.lang.String,float]",ref,0
/src/02-questions/src/java/br/ufmg/engsoft/reprova/model/CourseFactory.java,br.ufmg.engsoft.reprova.model.CourseFactory,"createCourse/4[int,br.ufmg.engsoft.reprova.model.Course.Reference,java.lang.String,float]",courseName,0
/src/02-questions/src/java/br/ufmg/engsoft/reprova/model/CourseFactory.java,br.ufmg.engsoft.reprova.model.CourseFactory,"createCourse/4[int,br.ufmg.engsoft.reprova.model.Course.Reference,java.lang.String,float]",year,0
/src/02-questions/src/java/br/ufmg/engsoft/reprova/model/ScoreCsv.java,br.ufmg.engsoft.reprova.model.ScoreCsv,courseFromLine/1[java.lang.String],reference,1
/src/02-questions/src/java/br/ufmg/engsoft/reprova/model/ScoreCsv.java,br.ufmg.engsoft.reprova.model.ScoreCsv,courseFromLine/1[java.lang.String],courseName,1
/src/02-questions/src/java/br/ufmg/engsoft/reprova/model/ScoreCsv.java,br.ufmg.engsoft.reprova.model.ScoreCsv,courseFromLine/1[java.lang.String],year,1
/src/02-questions/src/java/br/ufmg/engsoft/reprova/model/ScoreCsv.java,br.ufmg.engsoft.reprova.model.ScoreCsv,courseFromLine/1[java.lang.String],scoreLine,1
/src/02-questions/src/java/br/ufmg/engsoft/reprova/model/ScoreCsv.java,br.ufmg.engsoft.reprova.model.ScoreCsv,courseFromLine/1[java.lang.String],course,1
/src/02-questions/src/java/br/ufmg/engsoft/reprova/model/ScoreCsv.java,br.ufmg.engsoft.reprova.model.ScoreCsv,courseFromLine/1[java.lang.String],courseFactory,1
/src/02-questions/src/java/br/ufmg/engsoft/reprova/model/ScoreCsv.java,br.ufmg.engsoft.reprova.model.ScoreCsv,courseFromLine/1[java.lang.String],fields,3
/src/02-questions/src/java/br/ufmg/engsoft/reprova/model/ScoreCsv.java,br.ufmg.engsoft.reprova.model.ScoreCsv,courseFromLine/1[java.lang.String],referenceInt,1
/src/02-questions/src/java/br/ufmg/engsoft/reprova/model/ScoreCsv.java,br.ufmg.engsoft.reprova.model.ScoreCsv,studentFromLine/1[java.lang.String],score,1
/src/02-questions/src/java/br/ufmg/engsoft/reprova/model/ScoreCsv.java,br.ufmg.engsoft.reprova.model.ScoreCsv,studentFromLine/1[java.lang.String],student,1
/src/02-questions/src/java/br/ufmg/engsoft/reprova/model/ScoreCsv.java,br.ufmg.engsoft.reprova.model.ScoreCsv,studentFromLine/1[java.lang.String],scoreLine,1
/src/02-questions/src/java/br/ufmg/engsoft/reprova/model/ScoreCsv.java,br.ufmg.engsoft.reprova.model.ScoreCsv,studentFromLine/1[java.lang.String],id,1
/src/02-questions/src/java/br/ufmg/engsoft/reprova/model/ScoreCsv.java,br.ufmg.engsoft.reprova.model.ScoreCsv,studentFromLine/1[java.lang.String],fields,2
/src/02-questions/src/java/br/ufmg/engsoft/reprova/model/ScoreCsv.java,br.ufmg.engsoft.reprova.model.ScoreCsv,getScoredCourseFromFile/1[java.io.BufferedReader],scoredCourse,1
/src/02-questions/src/java/br/ufmg/engsoft/reprova/model/ScoreCsv.java,br.ufmg.engsoft.reprova.model.ScoreCsv,getScoredCourseFromFile/1[java.io.BufferedReader],student,1
/src/02-questions/src/java/br/ufmg/engsoft/reprova/model/ScoreCsv.java,br.ufmg.engsoft.reprova.model.ScoreCsv,getScoredCourseFromFile/1[java.io.BufferedReader],e,0
/src/02-questions/src/java/br/ufmg/engsoft/reprova/model/ScoreCsv.java,br.ufmg.engsoft.reprova.model.ScoreCsv,getScoredCourseFromFile/1[java.io.BufferedReader],reader,2
/src/02-questions/src/java/br/ufmg/engsoft/reprova/model/ScoreCsv.java,br.ufmg.engsoft.reprova.model.ScoreCsv,getScoredCourseFromFile/1[java.io.BufferedReader],isHeader,2
/src/02-questions/src/java/br/ufmg/engsoft/reprova/model/ScoreCsv.java,br.ufmg.engsoft.reprova.model.ScoreCsv,getScoredCourseFromFile/1[java.io.BufferedReader],scoreLine,2
/src/02-questions/src/java/br/ufmg/engsoft/reprova/model/ScoreCsv.java,br.ufmg.engsoft.reprova.model.ScoreCsv,getScoredCourseFromFile/1[java.io.BufferedReader],course,5
/src/02-questions/src/java/br/ufmg/engsoft/reprova/model/ScoreCsv.java,br.ufmg.engsoft.reprova.model.ScoreCsv,getScoredCourseFromFile/1[java.io.BufferedReader],students,2
/src/02-questions/src/java/br/ufmg/engsoft/reprova/model/ScoreCsv.java,br.ufmg.engsoft.reprova.model.ScoreCsv,parseLine/1[java.lang.String],scoreLine,1
/src/02-questions/src/java/br/ufmg/engsoft/reprova/model/ScoreCsv.java,br.ufmg.engsoft.reprova.model.ScoreCsv,parseLine/1[java.lang.String],fields,2
/src/02-questions/src/java/br/ufmg/engsoft/reprova/model/ScoreCsv.java,br.ufmg.engsoft.reprova.model.ScoreCsv,parseLine/1[java.lang.String],separator,1
/src/02-questions/src/java/br/ufmg/engsoft/reprova/database/CourseDAOFactory.java,br.ufmg.engsoft.reprova.database.CourseDAOFactory,"createCourseDAO/2[br.ufmg.engsoft.reprova.database.Mongo,br.ufmg.engsoft.reprova.mime.json.Json]",json,0
/src/02-questions/src/java/br/ufmg/engsoft/reprova/database/CourseDAOFactory.java,br.ufmg.engsoft.reprova.database.CourseDAOFactory,"createCourseDAO/2[br.ufmg.engsoft.reprova.database.Mongo,br.ufmg.engsoft.reprova.mime.json.Json]",db,0
/src/02-questions/src/java/br/ufmg/engsoft/reprova/Configuration.java,br.ufmg.engsoft.reprova.Configuration,readScoreFileType/1[java.util.Properties],e,0
/src/02-questions/src/java/br/ufmg/engsoft/reprova/Configuration.java,br.ufmg.engsoft.reprova.Configuration,readScoreFileType/1[java.util.Properties],properties,1
/src/02-questions/src/java/br/ufmg/engsoft/reprova/Configuration.java,br.ufmg.engsoft.reprova.Configuration,readGranularity/1[java.util.Properties],e,0
/src/02-questions/src/java/br/ufmg/engsoft/reprova/Configuration.java,br.ufmg.engsoft.reprova.Configuration,readGranularity/1[java.util.Properties],properties,1
/src/02-questions/src/java/br/ufmg/engsoft/reprova/Configuration.java,br.ufmg.engsoft.reprova.Configuration,readConfiguration/0,e,0
/src/02-questions/src/java/br/ufmg/engsoft/reprova/Configuration.java,br.ufmg.engsoft.reprova.Configuration,readConfiguration/0,prop,3
/src/02-questions/src/java/br/ufmg/engsoft/reprova/Configuration.java,br.ufmg.engsoft.reprova.Configuration,readConfiguration/0,is,1
/src/02-questions/src/java/br/ufmg/engsoft/reprova/routes/api/Score.java,br.ufmg.engsoft.reprova.routes.api.Score,"get/2[br.ufmg.engsoft.reprova.routes.api.Request,br.ufmg.engsoft.reprova.routes.api.Response]",request,1
/src/02-questions/src/java/br/ufmg/engsoft/reprova/routes/api/Score.java,br.ufmg.engsoft.reprova.routes.api.Score,"get/2[br.ufmg.engsoft.reprova.routes.api.Request,br.ufmg.engsoft.reprova.routes.api.Response]",response,1
/src/02-questions/src/java/br/ufmg/engsoft/reprova/routes/api/Score.java,br.ufmg.engsoft.reprova.routes.api.Score,"delete/2[br.ufmg.engsoft.reprova.routes.api.Request,br.ufmg.engsoft.reprova.routes.api.Response]",request,1
/src/02-questions/src/java/br/ufmg/engsoft/reprova/routes/api/Score.java,br.ufmg.engsoft.reprova.routes.api.Score,"delete/2[br.ufmg.engsoft.reprova.routes.api.Request,br.ufmg.engsoft.reprova.routes.api.Response]",response,1
/src/02-questions/src/java/br/ufmg/engsoft/reprova/routes/api/Score.java,br.ufmg.engsoft.reprova.routes.api.Score,"Score/2[br.ufmg.engsoft.reprova.mime.json.Json,br.ufmg.engsoft.reprova.database.CourseDAO]",json,3
/src/02-questions/src/java/br/ufmg/engsoft/reprova/routes/api/Score.java,br.ufmg.engsoft.reprova.routes.api.Score,"Score/2[br.ufmg.engsoft.reprova.mime.json.Json,br.ufmg.engsoft.reprova.database.CourseDAO]",courseDAO,3
/src/02-questions/src/java/br/ufmg/engsoft/reprova/routes/api/Score.java,br.ufmg.engsoft.reprova.routes.api.Score,"post/2[br.ufmg.engsoft.reprova.routes.api.Request,br.ufmg.engsoft.reprova.routes.api.Response]",request,1
/src/02-questions/src/java/br/ufmg/engsoft/reprova/routes/api/Score.java,br.ufmg.engsoft.reprova.routes.api.Score,"post/2[br.ufmg.engsoft.reprova.routes.api.Request,br.ufmg.engsoft.reprova.routes.api.Response]",response,1
